last_name, first_name,pitcher_id,ff_avg_spin,si_avg_spin,fc_avg_spin,sl_avg_spin,ch_avg_spin,cu_avg_spin,fs_avg_spin,kn_avg_spin
Strasburg, Stephen,544931,2170,2138,,2250,1683,2772,,
Cole, Gerrit,543037,2538,2509,,2622,1889,2896,,
Verlander, Justin,434378,2574,,,2615,1873,2822,,
Corbin, Patrick,571578,2297,2202,,2398,1639,1989,,
Bauer, Trevor,545333,2415,2349,2632,2740,1697,2549,,
Rodriguez, Eduardo,593958,2202,2142,2226,2214,2049,2285,,
Greinke, Zack,425844,2328,2255,2409,2512,1787,2447,1703,
Flaherty, Jack,656427,2229,2017,,2393,1700,2506,,
Lynn, Lance,458681,2482,2308,2583,,1811,2352,,
Minor, Mike,501985,2650,,,2737,2287,2534,,
Nola, Aaron,605400,2171,2132,,,1570,2574,,
Morton, Charlie,450203,2265,2108,2437,,,2892,2124,
Scherzer, Max,453286,2483,,2439,2379,1541,2730,,
Bumgarner, Madison,518516,2405,2400,2488,,1641,2645,,
Bieber, Shane,669456,2254,2189,,2370,1725,2303,,
Berrios, Jose,621244,2191,2112,,,1705,2335,,
deGrom, Jacob,594798,2388,2281,,2454,1703,2567,,
Lopez, Reynaldo,625643,2137,,,2120,1610,2084,,
Wheeler, Zack,554430,2341,2256,,2386,1771,2647,1383,
Gonzales, Marco,594835,2208,2253,2245,,2171,2346,,
Boyd, Matthew,571510,2384,2356,2330,2377,1959,2248,,
Syndergaard, Noah,592789,2197,2106,,2178,1689,2275,,
Alcantara, Sandy,645261,2356,2393,,2477,1923,2481,,
Castillo, Luis,622491,2170,2073,,2330,1972,,,
Ray, Robbie,592662,2257,2182,,2145,,2045,,
Teheran, Julio,527054,2399,2264,,2603,1704,2762,,
Buehler, Walker,621111,2467,2354,2724,2901,1516,2947,,
Stroman, Marcus,573186,2455,2345,2615,2838,1929,2671,,
Lester, Jon,452657,2251,2143,2391,,1939,2606,,
Tanaka, Masahiro,547888,2141,1917,2085,2386,,2390,1589,
Wainwright, Adam,425794,2195,2178,2345,,1769,2754,,
Samardzija, Jeff,502188,2571,2480,2607,2449,,2498,1451,
Nova, Ivan,467100,2246,2162,2143,,2000,2258,,
Mikolas, Miles,571945,2304,2227,,2321,1707,2585,,
Sanchez, Anibal,434671,2243,2140,2318,2306,1447,2114,1722,
Leake, Mike,502190,2086,2022,2232,2506,1719,2572,,
Kelly, Merrill,518876,2411,2313,2433,,2109,2683,,
Porcello, Rick,519144,2434,2289,,2555,1600,2810,,
Hudson, Dakota,641712,2168,2134,,2431,1489,2201,,
Miley, Wade,489119,2210,2057,2259,2398,1870,2432,,
Junis, Jakob,596001,2079,1923,,2522,1336,2421,,
Paxton, James,572020,2264,,2080,,2076,2021,,
Roark, Tanner,543699,2145,2087,,2255,1701,2746,,
Odorizzi, Jake,543606,2240,,2163,,,2253,1492,
Darvish, Yu,506433,2529,2280,2651,2725,1322,2624,1438,
Fiers, Mike,571666,2322,2256,,2481,1933,2781,,
Giolito, Lucas,608337,2333,,,2036,1563,2512,,
Gray, Sonny,543243,2527,2441,2570,2868,2047,2988,,
Bailey, Homer,456701,2092,2031,,1837,,1925,1121,
Gibson, Kyle,502043,2210,2099,,2469,1661,2481,,
Ryu, Hyun-Jin,547943,2085,2021,2066,2379,1496,2577,,
Bundy, Dylan,605164,2458,2288,,2573,1569,2404,,
Perez, Martin,527048,2131,2051,2307,,1795,2637,,
Happ, J.A.,457918,2320,2104,,2191,1713,2214,,
Thornton, Trent,663423,2373,2317,2694,3089,,2795,1509,
Fried, Max,608331,2077,1990,2115,2566,1514,2846,,
Quintana, Jose,500779,2016,1977,,,1287,2215,,
Keller, Brad,641745,2295,2100,,2510,1698,,,
Matz, Steven,571927,,2102,,2069,2301,2447,,
Hendricks, Kyle,543294,2044,1959,,,2115,2784,,
Means, John,607644,2376,,,2324,2331,2239,,
Kershaw, Clayton,477132,2479,,,2671,2210,2465,,
Davies, Zach,605200,,2233,2313,2426,1785,2636,,
Smith, Caleb,592761,2425,,,2297,1918,,,
Anderson, Brett,474463,2028,1799,,2384,1481,2393,,
Turnbull, Spencer,605513,2396,2188,,2438,1810,2570,,
Musgrove, Joe,605397,2419,2278,2514,2495,2001,2575,,
Soroka, Mike,647336,2363,2177,,2780,2180,,,
Lucchesi, Joey,664192,,2215,2232,,2091,,,
Kikuchi, Yusei,579328,2096,,,2220,1772,2527,,
Marquez, German,608566,2225,2171,,2371,1969,2693,,
DeSclafani, Anthony,543101,2249,2086,,2315,1535,2048,,
Eflin, Zach,621107,2186,2090,2227,2247,1787,2416,,
Cashner, Andrew,488768,2204,2048,,2255,1545,2349,,
Vargas, Jason,450306,2234,2203,,,2208,2433,,
Lauer, Eric,641778,2216,,2211,2393,1982,2376,,
Maeda, Kenta,628317,2289,2229,,2518,1517,2687,,
Sale, Chris,519242,2383,2293,,2492,1965,,,
Bassitt, Chris,605135,2220,2146,2253,2313,2057,2238,,
Hamels, Cole,430935,2059,2034,1994,,1713,2040,,
Lyles, Jordan,543475,2162,2135,,2333,1549,2491,,
Gray, Jon,592351,2066,1799,,2220,1559,2518,,
Norris, Daniel,596057,2385,2231,,2512,1568,2536,,
Williams, Trevor,592866,2203,1937,,2202,1814,2259,,
Sanchez, Aaron,592717,2252,2241,,,1810,2841,,
Anderson, Chase,502624,2166,2167,2382,,2311,2170,,
Richards, Trevor,670950,2139,,2030,,2391,2228,,
Paddack, Chris,663978,2230,,,,1707,2145,,
Sparkman, Glenn,642098,2251,,2071,2411,2032,2477,,
German, Domingo,593334,2440,2420,,,2414,2599,,
Senzatela, Antonio,622608,2102,,,2136,2059,2214,,
Wacha, Michael,608379,2032,1940,2097,,1606,2066,,
Arrieta, Jake,453562,2275,2196,,2363,1730,2766,,
Pineda, Michael,501381,1999,1953,,2011,1864,,,
Duffy, Danny,518633,2242,2181,,2310,2295,2346,,
Mahle, Tyler,641816,2161,,2457,,,2595,1632,
Smyly, Drew,592767,2086,,2041,,1209,1950,,
Velasquez, Vince,592826,2398,2025,,2467,,2475,,
Yarbrough, Ryan,642232,2100,1988,2176,,2125,2405,,
Archer, Chris,502042,2264,2237,,2613,1642,2676,,
Clevinger, Mike,605182,2341,,,2516,1540,2310,,
Lopez, Jorge,605347,1945,1878,,2199,1574,2450,,
Sampson, Adrian,592716,,2016,,2595,1856,2516,,
Jurado, Ariel,642558,2031,1770,,2124,1946,2267,,
Woodruff, Brandon,605540,2263,2168,,2327,1796,2298,,
Beede, Tyler,595881,2320,2260,,2199,1600,2292,,
Keuchel, Dallas,572971,2127,2008,2139,2245,1577,,,
Brault, Steven,643230,2068,1888,2211,2192,1582,2032,,
Foltynewicz, Mike,592314,2236,2181,,2442,1870,2435,,
Chirinos, Yonny,630023,2399,2278,,2335,,,1294,
Snell, Blake,605483,2358,,,2368,1822,2466,,
Pomeranz, Drew,519141,2437,2358,2346,,1967,2282,,
LeBlanc, Wade,453281,1935,1888,2005,,1544,2272,,
Chacin, Jhoulys,468504,2158,2080,,2354,1422,2582,,
Brooks, Aaron,605156,2083,2013,,2467,1645,2271,,
Plesac, Zach,668676,2133,,,2028,1543,1955,,
Zimmermann, Jordan,519455,2284,2201,,2288,1708,2372,,
Price, David,456034,2209,2188,2193,,1800,2264,,
Beeks, Jalen,656222,2005,2047,2167,,1837,2586,,
Ynoa, Gabriel,593679,2049,2029,,2280,2007,2306,,
Houser, Adrian,605288,2193,2145,,2216,1553,2004,,
Lopez, Pablo,641154,2069,2036,,,1943,2358,,
Plutko, Adam,592644,2265,,,2460,1630,2886,,
Strahm, Matt,621381,2308,2315,,2461,2086,2570,,
Quantrill, Cal,615698,2135,2060,,2346,1429,2326,,
Freeland, Kyle,607536,2291,2269,,2235,1519,2256,,
Sabathia, CC,282332,2098,2053,2195,2210,1885,,,
Cahill, Trevor,502239,2220,2207,2154,,1566,2950,,
Heaney, Andrew,571760,,2524,,,1988,2545,,
Milone, Tommy,543548,2192,,,2328,1745,2471,,
Rodriguez, Dereck,605446,2051,2058,2165,,1935,2589,,
Gausman, Kevin,592332,2250,,,2264,,,1593,
Pivetta, Nick,601713,2340,2146,,2306,1928,2861,,
Peacock, Brad,502748,2295,2228,,2749,1975,2599,,
Peralta, Freddy,642547,2454,,,,1966,2424,,
Anderson, Shaun,641312,2495,2335,,2649,1454,2519,,
Lambert, Peter,663567,2256,2247,,2164,1534,2277,,
Montgomery, Mike,543557,1978,1888,2050,,1787,2281,,
Pena, Felix,570240,2091,2099,,2498,1675,,,
Canning, Griffin,656288,2335,,,2506,1671,2425,,
Godley, Zack,643327,2255,2202,2238,,1717,2123,,
Font, Wilmer,521655,2370,2270,,2259,,2492,1333,
Clarke, Taylor,664199,2316,2166,,2227,1520,2484,,
Barria, Jaime,642545,2248,2215,,2239,1478,,,
Suarez, Jose,660761,2243,,,2476,1608,2788,,
Montas, Frankie,593423,2421,2359,,2509,,,1636,
Holland, Derek,502706,,2386,,2243,1864,2098,,
Wojciechowski, Asher,592879,2235,,,2408,2000,2371,,
Stripling, Ross,548389,2274,2134,2314,2370,1585,2652,,
Hernandez, Elieser,622694,2247,2174,,2245,1886,,,
Green, Chad,643338,2468,,,2256,,,1995,
Hess, David,605276,2184,2039,,2322,1595,2351,,
Gaviglio, Sam,543208,,2092,,2140,1232,2128,,
Cessa, Luis,570666,2304,2233,,2501,1643,2397,,
Gonzalez, Gio,461829,2261,2145,,,1623,2688,,
Urias, Julio,628711,2512,2458,,2586,1855,2743,,
Gallen, Zac,668678,2370,2255,2329,,1499,2404,,
Skaggs, Tyler,572140,2193,,,,1699,2608,,
Yamamoto, Jordan,657141,2248,2371,2517,2793,1855,2637,,
Urena, Jose,570632,2044,2157,,2315,1712,2328,,
Hudson, Daniel,543339,2474,2445,,2638,2384,,,
Cease, Dylan,656302,2449,2403,,2622,1626,2622,,
Guerra, Junior,448855,2459,2353,,,,2651,1235,
Waguespack, Jacob,621097,2011,1983,1984,2121,1519,2168,,
Hendriks, Liam,521230,2383,2160,,2159,,2122,,
Jackson, Luke,592426,2303,,,2580,2134,2650,,
Young, Alex,622065,2219,2208,2347,,1794,2379,,
Ramirez, Nick,598286,2032,1972,2178,,1471,2281,,
Jackson, Edwin,429719,2270,2112,2339,2299,2221,2518,,
Barnes, Matt,598264,2411,,,,,2274,2113,
Chavez, Jesse,445926,2312,2124,2311,2333,2063,2429,,
Barlow, Scott,605130,2303,2200,,2445,1593,2516,,
Cortes Jr., Nestor,641482,2191,2159,,2320,1467,2256,,
Lorenzen, Michael,547179,2538,2372,2596,2635,2150,2531,,
Stanek, Ryne,592773,2363,,,2251,,,1103,
McHugh, Collin,543521,2317,2322,2560,2825,1625,2797,,
James, Josh,657624,2424,,,2549,1866,2574,,
Fedde, Erick,607200,1795,1809,2074,,,2355,1627,
Chatwood, Tyler,543022,2479,2516,2760,,1789,3092,,
Bradley, Archie,605151,2242,2134,,,1533,1978,,
Brebbia, John,605154,2392,,,2607,2174,,,
Leclerc, Jose,600917,2655,2430,,2713,2206,2667,,
Peters, Dillon,596071,2245,2182,,2388,1606,2909,,
Carrasco, Carlos,471911,2391,2258,,2729,1447,2886,,
Lugo, Seth,607625,2220,2238,,2435,1736,3285,,
Walden, Marcus,519393,2228,2100,2279,2381,,,,
Eovaldi, Nathan,543135,2186,,2345,2237,,2174,1578,
Hoffman, Jeff,656546,2453,,,2486,1425,2624,,
Pannone, Thomas,623381,2219,,,2348,1881,2447,,
Stammen, Craig,489334,2129,2170,,2341,2009,2363,,
Stratton, Chris,608717,2498,2521,2453,2922,2106,3107,,
Workman, Brandon,519443,2126,,2196,,,2608,,
Ottavino, Adam,493603,2393,2395,2682,2879,,,,
Estevez, Carlos,608032,2248,2215,,2394,1717,,,
Suero, Wander,593833,2471,,2555,,2103,2834,,
Ross, Joe,605452,2157,2098,,1936,1686,2109,,
Castro, Miguel,612434,,2287,,3029,2199,,,
Lamet, Dinelson,659275,2407,2380,,2653,1802,2710,,
Newcomb, Sean,656794,2243,,,2859,1618,2881,,
Doolittle, Sean,448281,2222,,,2399,,,2133,
Hernandez, Felix,433587,2151,2060,,2317,1734,2441,,
Buttrey, Ty,621142,2233,2047,,1868,1835,,,
Castillo, Diego,650895,2052,2127,,2351,,,,
Gallegos, Giovanny,606149,2429,,,2243,1938,,,
Andriese, Matt,542882,2337,2180,,2460,2223,2671,,
Devenski, Chris,606965,2369,,,2296,1664,,,
Law, Derek,571882,2132,,,2245,2014,2045,,
Diekman, Jake,518617,2212,2095,,2814,1609,,,
Shaw, Bryan,543766,,,2396,2721,1549,2593,,
May, Trevor,543507,2348,2345,,2556,1988,2527,,
Valdez, Framber,664285,2228,2176,,,1802,2960,,
Anderson, Nick,623433,2332,,,,,2101,,
Tomlin, Josh,458708,2189,2142,2608,,1742,2805,,
Petit, Yusmeiro,433589,2230,,2224,,1887,2125,,
Hader, Josh,623352,2124,1771,,2618,1590,,,
Detwiler, Ross,446321,2214,2098,2257,2177,1644,2145,,
Farmer, Buck,571656,2346,,,2657,1800,,,
Chen, Wei-Yin,612672,2138,2058,,2291,1372,2299,,
Rodriguez, Richard,593144,2506,2432,,2421,1833,,,
Agrazal, Dario,642607,2270,2233,,2247,1786,,,
Gonzalez, Chi Chi,592346,2428,2302,2535,2632,1708,,,
Biagini, Joe,607352,2032,2156,2243,,1564,2821,,
Robles, Hansel,570663,2431,2423,,2406,1588,,,
Pagan, Emilio,641941,2486,,2352,,,2544,,
Kahnle, Tommy,592454,2289,,,2484,1483,,,
Melancon, Mark,453343,2342,,2350,,,2709,1806,
Armstrong, Shawn,542888,2521,,2597,2863,,,,
Liriano, Francisco,434538,2069,2047,,2289,1684,,,
Neris, Hector,593576,2477,2373,,,,,1519,
Baez, Pedro,520980,2328,2307,,1743,2000,,,
Guerra, Javy,457915,2089,,,2101,1574,2288,,
Osuna, Roberto,532077,2491,2369,2515,2505,1876,2565,,
Iglesias, Raisel,628452,2364,2428,,2531,1872,,,
Cishek, Steve,518553,2409,2372,,2282,1975,,,
Ramirez, Noe,598287,2243,,,,2001,2741,,
Soto, Gregory,642397,2324,2345,,2326,2036,,,
Hughes, Jared,453172,2141,1869,,2095,1551,2074,,
Soria, Joakim,465657,2302,2338,,2711,1500,2751,,
Kennedy, Ian,453178,2439,,2209,,2027,2687,,
Givens, Mychal,571710,2383,,,2476,2101,,,
Chapman, Aroldis,547973,2486,2539,,2489,1695,,,
Gant, John,607231,2520,2466,2643,,1509,2653,,
Fry, Paul,643316,2404,,,2737,1840,,,
Gsellman, Robert,607229,2200,2208,,2429,1748,2748,,
Diaz, Edwin,621242,2371,2349,,2367,,,,
Rogers, Taylor,573124,2222,2077,,2534,,2663,,
Jansen, Kenley,445276,2334,,2557,2389,,,,
Conley, Adam,543045,2330,,,2112,2033,2208,,
Jimenez, Joe,641729,2528,,,2329,2091,,,
Fry, Jace,605240,2446,2335,2609,,1624,2412,,
Weaver, Luke,596133,2308,2455,2213,,1572,2216,,
Osich, Josh,592612,2367,2359,2269,2288,1686,,,
Ryan, Kyle,594986,2070,1982,2187,,1773,2424,,
Harris, Will,501789,2520,,2533,,,2774,,
Mengden, Daniel,596043,2217,2086,2178,2342,1945,2526,,
Garcia, Luis,472610,2098,2071,,2315,,,1060,
Britton, Zack,502154,,2002,,2568,,,,
Smith, Will,519293,2219,,,2333,1837,2022,,
Romo, Sergio,489265,2308,2171,,2824,2155,,,
Familia, Jeurys,544727,2211,2180,,2245,,,1754,
Perdomo, Luis,606131,1977,1891,,2295,,,1569,
Bummer, Aaron,607481,2091,2033,2227,2245,1636,,,
Moronta, Reyes,606625,2385,,,2577,2081,,,
Miller, Andrew,453192,2086,1994,,2605,2732,,,
Bettis, Chad,518452,2037,2023,2292,,1370,2539,,
Duffey, Tyler,608648,2309,2433,,2553,1798,2385,,
Kingham, Nick,592468,2311,2165,2281,2355,2045,2373,,
Rainey, Tanner,663432,2438,,,2489,1538,,,
Martin, Brett,656685,2348,2272,,2276,,2256,,
Yates, Kirby,489446,2307,,,2265,,,1399,
Parker, Blake,453284,2140,,2181,,,2170,1045,
Glasnow, Tyler,607192,2322,,,,1774,2926,,
Covey, Dylan,592229,2124,2070,2162,2045,1306,2447,,
Brewer, Colten,605155,2213,,2374,2587,1894,2825,,
Feliz, Michael,593140,2312,,,2374,1950,,,
Bedrosian, Cam,592135,2377,,,2630,,,1791,
Rondon, Hector,444468,2087,2038,,2343,1814,,,
Hill, Rich,448179,2472,2412,2646,2835,1681,2914,,
Albers, Matt,458006,2139,2036,,2405,1530,,,
Stephenson, Robert,596112,2434,,,2799,1644,,,
Treinen, Blake,595014,2415,2250,2489,2609,,,,
Garcia, Yimi,554340,2593,2507,,2663,1946,2801,,
Brach, Brad,542960,2210,2117,2390,2509,1871,,,
Drake, Oliver,543118,2149,,2176,,,,1084,
Greene, Shane,572888,2295,2173,2472,2591,1714,,,
Alvarez, Jose,501625,2392,2347,2374,2354,1921,2395,,
Velazquez, Hector,584171,2175,2052,,2120,1480,2162,,
Rodney, Fernando,407845,2187,2037,,2253,1740,,,
Brasier, Ryan,518489,2359,2320,,2481,1566,,,
Colome, Alex,517008,2127,,2149,,2138,,,
Roe, Chaz,475054,2490,2440,2698,2956,,2646,,
Eickhoff, Jerad,595191,2415,2391,,2564,,2744,,
Swanson, Erik,657024,2274,,,2226,1640,,,
Claudio, Alex,592222,2056,1984,,2238,2177,2099,,
Wittgren, Nick,621295,2189,,,2450,1891,2211,,
Straily, Dan,573185,2365,2208,,2643,1669,2729,,
Buchholz, Clay,453329,2148,2120,2273,,1538,2707,,
Erlin, Robbie,572362,2376,2242,,2491,1546,2598,,
Vazquez, Felipe,553878,2622,2470,,2746,2021,2784,,
Margevicius, Nick,676606,2159,,,1960,1816,1939,,
Trivino, Lou,642152,2111,2146,2434,,1765,2505,,
Kelly, Joe,523260,2158,2128,,,2079,3104,,
Garrett, Amir,607237,2117,2065,,1832,,,,
Webb, Tyler,643778,2197,2144,,,1766,2294,,
Banuelos, Manny,544365,2131,1896,,2265,1663,2602,,
Hand, Brad,543272,2420,2303,,2474,,,,
VerHagen, Drew,572403,2318,2239,,2279,2127,2414,,
Harvey, Matt,518774,2171,2170,,2413,1774,2516,,
Swarzak, Anthony,461872,2284,2117,,2449,,,,
Wisler, Matt,605538,2160,2174,,2478,,2651,,
Hirano, Yoshihisa,673633,2199,,,2138,,,1271,
Crick, Kyle,605195,2368,2274,,3246,2193,,,
Clippard, Tyler,461325,2363,2253,,,2042,2178,1450,
Pressly, Ryan,519151,2567,,,2742,,3302,,
Mayza, Tim,641835,2114,2144,,2186,,,,
Poche, Colin,621363,2291,,,,,2497,1261,
Alexander, Tyler,641302,2257,2227,,2441,1584,2427,,
Gott, Trevor,641627,2156,2036,,2314,1333,2099,,
Cole, Taylor,518566,2282,,2271,2395,1956,2535,,
Ponce de Leon, Daniel,594965,2336,,2474,2426,2227,2723,,
Herrera, Kelvin,516969,2229,2192,2289,2676,1781,,,
Wingenter, Trey,622259,2151,,,2180,,,,
Gearrin, Cory,518715,2311,2276,,2826,2225,,,
McCarthy, Kevin,641838,2161,1985,,2111,1813,2133,,
Guerrero, Tayron,594027,2178,2153,,1954,,,,
Oberg, Scott,623184,2225,2261,,2537,1952,,,
McKay, Brendan,656713,2236,,2152,,1668,2037,,
Anderson, Justin,605121,2284,2279,,2260,1830,,,
McFarland, T.J.,519008,1859,1915,,2252,1731,,,
Chafin, Andrew,605177,2193,2178,,2361,,,,
Diaz, Jairo,545064,2203,2142,,2413,,,,
Burnes, Corbin,669203,2656,2688,2928,2850,1854,2853,,
Magill, Matt,543483,2334,,2388,2501,2361,2550,,
Holmes, Clay,605280,2121,2013,,2424,1563,2684,,
Kinley, Tyler,641755,2272,,,2539,,,,
Lopez, Yoan,661255,2195,,,2411,1457,,,
Martin, Chris,455119,2297,2271,2256,2299,1663,,,
Urquidy, Jose,664353,2308,,,2587,2160,2606,,
Miller, Shelby,571946,2328,2310,2188,,1870,2325,,
Civale, Aaron,650644,2415,2268,2624,2805,2089,2930,,
Jeffress, Jeremy,502026,2185,2017,,,,2385,1681,
Martinez, Carlos,593372,2128,2003,2293,2156,1896,,,
Kintzler, Brandon,445213,2021,2018,,2297,2130,,,
Harper, Ryne,607560,1821,,1757,,1076,2333,,
Dyson, Sam,473879,2337,2251,2588,3270,1986,,,
Davis, Wade,451584,2415,2382,2722,,2357,2582,,
Allard, Kolby,663465,2109,,2151,,1652,1884,,
Taylor, Josh,657031,2292,2260,,2348,2109,2277,,
Marshall, Evan,605359,2469,2289,,,1717,2734,,
Nicasio, Juan,504379,2075,2013,,1934,1918,,,
Ferguson, Caleb,657571,2311,,,,1917,3023,,
Kittredge, Andrew,552640,2351,2290,,2744,1114,,,
Watson, Tony,453265,2347,2328,,2367,2380,,,
Kolarek, Adam,592473,2212,2153,1329,1980,2173,,,
Giles, Ken,571704,2323,2330,,2245,,,,
Elias, Roenis,606273,2479,2478,,,2116,2686,,
Cimber, Adam,643256,2166,2133,,2153,,,2275,
Bard, Luke,572703,2746,2755,,2891,1823,,,
Smeltzer, Devin,656970,2438,,,2433,1796,2738,,
Rodriguez, Jefry,622446,2370,2246,,,1739,2412,,
Buchter, Ryan,488748,2274,,2247,,,2087,,
Brice, Austin,592169,2351,2056,,,1809,2903,,
Toussaint, Touki,657053,2226,2202,,,,2470,1465,
Hernandez, David,456696,2367,2275,2400,,2281,2341,,
Johnson, Brian,598271,2297,2336,,2574,1954,2697,,
Yacabonis, Jimmy,642231,2350,2272,,2565,1677,,,
Kelley, Shawn,518875,2396,,,2431,2488,,,
Suarez, Ranger,624133,2029,1955,,2122,1616,,,
Bleier, Richard,542947,1909,1943,1949,1970,1590,,,
Garcia, Jarlin,606424,2264,,,2380,2306,,,
Keller, Mitch,656605,2473,,,2661,1705,2770,,
Ruiz, Jose,614179,2349,,,2261,1870,2043,,
Wood, Hunter,621056,2492,,,2555,1703,2328,,
Sims, Lucas,608371,2641,2619,,3004,1923,3120,,
Vincent, Nick,543883,2351,2166,2417,2560,1849,,,
Shafer, Justin,596101,2460,2220,2530,2474,,,,
Floro, Dylan,571670,2292,2233,,2156,2124,,,
Richard, Clayton,453385,2284,2185,,2219,1581,,,
Strop, Pedro,467008,2374,2361,2344,2429,,,1758,
Garcia, Edgar,658305,2305,2274,,2357,1707,,,
Pruitt, Austin,643493,2408,2412,,2658,1873,2999,,
Hembree, Heath,592390,2456,,,2624,,2760,,
Morin, Mike,573046,2136,1999,,2118,1461,,,
Sandoval, Patrick,663776,1970,,,2444,1662,2739,,
Bass, Anthony,542914,2057,2047,,2294,,,1229,
Brennan, Brandon,592165,2297,2229,,2097,1670,,,
Santiago, Hector,502327,2117,2078,,2051,2054,2003,,
Goody, Nick,580792,2229,,,2390,,,,
Barraclough, Kyle,607457,2362,,,2403,1400,2412,,
Kline, Branden,571858,2174,,,2296,1536,,,
Grace, Matt,594840,,1818,1882,2001,1577,,,
Rodon, Carlos,607074,2154,2226,,2452,1714,,,
Sadler, Casey,594987,2449,2341,2600,,1762,2911,,
Gonsolin, Tony,664062,2456,,,2553,,2657,1998,
Wilson, Justin,458677,2374,,2459,2566,,,,
Brigham, Jeff,656257,2428,,,2991,,,,
Holder, Jonathan,656547,2335,,2444,2779,1848,,,
Hardy, Blaine,543278,2235,2173,2357,,1982,1952,,
Alcantara, Victor,622505,,2085,,2024,1710,,,
Carpenter, Ryan,543001,2178,2103,,2689,1864,2769,,
Voth, Austin,608723,2201,,,2503,1978,2828,,
Hernandez, Darwinzon,650382,2354,2444,,2625,,2588,,
Webb, Logan,657277,2238,2055,,2718,1576,,,
Duplantier, Jon,641541,2198,2129,,2213,1628,2385,,
Hellickson, Jeremy,476451,2126,2118,2426,,1861,2845,,
Weber, Ryan,543901,2122,2092,,2246,1816,2415,,
Sheffield, Justus,656954,1835,,,2475,1730,2404,,
Peralta, Wily,503449,1872,1832,,2203,1585,2095,,
Springs, Jeffrey,605488,,2205,,2163,1489,,,
Leone, Dominic,608678,2279,2235,2485,2479,1757,,,
Barnes, Jacob,606930,2451,,2369,2165,,,,
Loaisiga, Jonathan,642528,2425,2387,,,1700,2806,,
Helsley, Ryan,664854,2518,,2491,,1621,2430,,
Perez, Oliver,424144,2192,2161,,2279,,,,
Hartlieb, Geoff,664129,2479,2414,,2511,2059,,,
Quijada, Jose,650671,2387,,,,1710,2531,,
McGee, Jake,459429,2212,,,2031,,,,
Cisnero, Jose,542585,2428,2312,,2511,1764,,,
Peralta, Wandy,593974,2171,2199,,2253,2186,,,
Phelps, David,475479,2346,2231,2411,,2112,2648,,
Irvin, Cole,608344,1985,,,1943,1643,1973,,
Parsons, Wes,641149,2318,2316,,2512,1595,,,
Luciano, Elvis,672773,2286,,,2188,1747,,,
Hill, Tim,657612,2241,2087,,2112,,,,
Wieck, Brad,623364,2227,,,2058,,2331,,
Mejia, Adalberto,606167,2576,2478,,2507,1964,,,
Tinoco, Jesus,622786,2278,2224,,2362,1858,2517,,
May, Dustin,669160,2454,2420,2745,,1815,3058,,
Reid-Foley, Sean,656887,2104,2148,,2166,1604,2077,,
Kluber, Corey,446372,2332,2210,2503,,1804,2538,,
Eshelman, Tom,664045,1854,1777,,1853,1284,1944,,
Maton, Phil,664208,2583,,2844,,,2764,,
Almonte, Yency,622075,2172,2159,,2408,1767,,,
Biddle, Jesse,592145,2532,2576,,2350,,2591,,
Avilan, Luis,501593,,2114,,,2210,2450,,
Hale, David,571735,2264,2179,,,1717,2294,,
Holland, Greg,518813,2243,,,2070,1695,2297,,
Ross, Tyson,475115,2498,2376,2473,2640,,,,
Smith, Josh A.,595001,2331,2375,2569,2615,1899,2920,,
Minter, A.J.,621345,2326,2379,2437,2156,1696,,,
Wick, Rowan,592858,2350,,2356,2361,,2582,,
Alvarado, Jose,621237,2221,2180,2533,,,2523,,
Wood, Alex,622072,,2108,,,1658,2161,,
Wright, Mike,605541,2257,2101,,2259,1803,2489,,
Dugger, Robert,667498,2191,2070,,2311,1454,2350,,
Phillips, Evan,623465,2244,2223,,2472,1299,,,
Sobotka, Chad,656977,2499,2474,,2959,2442,,,
Melville, Tim,543532,2006,,,2286,2230,2358,,
Littell, Zack,641793,2078,2055,,2146,1744,1959,,
Blevins, Jerry,460283,2223,,,,1733,2439,,
Fulmer, Carson,608334,2376,,2615,,1505,2795,,
Taillon, Jameson,592791,2328,2288,,2473,1897,2746,,
Warren, Adam,476589,2151,2027,,2226,1771,2104,,
Mills, Alec,621219,2218,2202,,2609,1727,2511,,
Bowman, Matt,621199,2021,1946,2117,2245,,2462,1182,
Olson, Tyler,621397,2273,2249,,,1819,2775,,
Cordero, Jimmy,622772,2146,2128,2072,2234,1657,,,
Suarez, Andrew,605498,2040,1984,,2379,1652,2552,,
Newberry, Jake,623470,2374,2410,,2437,1626,,,
Webb, Jacob,657097,2450,,,,2367,2472,,
Reininger, Zac,643617,2310,2179,,2510,1624,2660,,
Jackson, Jay,543351,2383,,,2444,1885,,,
Adams, Austin,613534,2601,2497,,2829,,,,
Tarpley, Stephen,605501,2210,2131,,2229,2257,2665,,
Stumpf, Daniel,621385,2376,,,2257,1626,,,
Baez, Michel,673258,2382,,,2071,1719,2062,,
Blach, Ty,621389,,2136,2444,2432,1906,2392,,
Adams, Chance,664856,2445,2439,,2986,1889,2901,,
Wang, Wei-Chung,623913,2163,2151,,2343,1922,2494,,
Flynn, Brian,543169,2264,2227,,2323,1671,,,
McKay, David,641853,,2383,,,,3054,,
Kela, Keone,605309,2266,,,,1846,2380,,
Hall, Matt,664180,2303,,2788,2895,1801,2927,,
Noesi, Hector,456051,,2125,,2202,1858,2586,,
McRae, Alex,656725,2154,2182,,2290,1454,2427,,
Thorpe, Lewis,626929,2017,,,1956,1629,2440,,
Allen, Cody,592102,2460,,,,,2534,,
Guerrieri, Taylor,605260,2224,2165,1262,,1734,2998,,
Johnson, DJ,597113,2310,,2396,,1873,2641,,
Manaea, Sean,640455,1960,,,2006,1464,,,
Boxberger, Brad,502202,2212,,,2242,1320,,,
Stewart, Brock,592779,2408,2411,,2351,1653,,,
Wendelken, J.B.,605525,2384,2213,,2511,1571,2578,,
Cole, A.J.,595918,2406,,,2374,2189,2349,,
Burke, Brock,656271,2194,2093,,2328,2170,2201,,
Minaya, Juan,573668,2313,,1702,2194,1571,2263,,
Dobnak, Randy,677976,2051,1948,,,1657,2391,,
Crichton, Stefan,592233,2121,2047,,,1773,2546,,
Dominguez, Seranthony,622554,2380,2393,,2438,1669,,,
Ramirez, Yefry,606162,2380,2351,,2459,2049,2581,,
Smith, Joe,501925,2179,1982,,2349,1730,,,
Scott, Tanner,656945,2412,2337,,2586,,,,
Morgan, Adam,605388,2384,2407,,2796,1753,2994,,
Shawaryn, Mike,642067,2006,2025,,2559,1982,2541,,
Ramirez, Neil,519166,2425,,,2364,,2731,,
Markel, Parker,571917,2400,2311,,2706,1557,,,
Montero, Rafael,606160,2263,2239,,2434,2062,,,
Reyes, Gerardo,622103,2417,2342,,2437,,2226,,
Fillmyer, Heath,641571,2219,2098,,2371,1712,2478,,
Coonrod, Sam,656322,2380,2206,,,1767,2816,,
Allen, Logan,663531,1997,,,2414,1186,2561,,
Hicks, Jordan,663855,2201,2031,,2439,1103,,,
Dowdy, Kyle,664871,2046,,,2181,1708,2477,,
Zimmer, Kyle,622092,2282,,,2179,1439,2016,,
Anderson, Tyler,542881,2333,2268,2548,,2050,2377,,
Smith, Burch,572143,2279,2153,,2247,1866,2388,,
Sadzeck, Connor,592712,2298,2080,,2287,2163,,,
Strickland, Hunter,519326,2374,2323,2539,2791,1839,,,
Anderson, Tanner,664196,2193,2248,2401,2434,1715,,,
Payano, Pedro,622797,,2366,,2543,1974,2763,,
Shoemaker, Matt,533167,2197,2066,,2036,,2005,1167,
Otero, Dan,519096,2097,2012,,2135,1359,,,
Munoz, Andres,662253,2271,2265,2198,2369,,,,
Jewell, Jake,657228,2182,2156,,2322,1652,,,
Faria, Jake,607188,2131,,,1849,,,1143,
Davis, Austin,656354,2430,,,2533,2249,2615,,
Nelson, Jimmy,519076,2452,2318,,2794,1431,2770,,
Rosenthal, Trevor,572096,2348,2295,,2212,1788,,,
Zeuch, T.J.,643615,2218,2192,,2009,1779,2142,,
Gagnon, Drew,543193,2008,,,2330,1934,2515,,
Severino, Luis,622663,2312,,,2726,1726,,,
Stashak, Cody,664054,2245,,,2225,1475,,,
Adam, Jason,592094,2580,,,,1815,2539,,
Ginkel, Kevin,656464,2145,,,2120,1784,,,
Skoglund, Eric,607215,2091,1985,,,1568,2202,,
Lakins, Travis,664042,2217,,2497,,1574,2747,,
Cabrera, Genesis,650893,2260,2232,,,1785,2579,,
Tuivailala, Sam,592815,2199,2137,,1957,,2276,,
Duke, Zach,435043,2158,1993,,2495,,2348,,
Fairbanks, Peter,664126,2393,,,2239,,,,
Boshers, Buddy,542953,,2094,,,1579,2632,,
Stewart, Kohl,640464,2152,2131,,2428,1824,2726,,
Howard, Sam,607572,2345,,,2339,,,,
Thornburg, Tyler,592804,2518,,,,1538,2826,,
Bashlor, Tyler,641341,2567,,,2456,1714,,,
Festa, Matt,670036,2283,2140,2389,2458,,2586,,
Kimbrel, Craig,518886,2323,,,,,2533,,
Bergen, Travis,664157,2112,,,,1714,2667,,
Lovelady, Richard,663992,2320,2294,,2451,1887,,,
Rosscup, Zac,573127,2009,2009,,2492,,,,
Martin, Corbin,656686,2413,,,2448,2046,2666,,
Oh, Seunghwan,493200,2218,,2192,2185,1710,2454,,
Lockett, Walker,621141,2245,2272,,,1519,2629,,
Koch, Matt,571863,2123,,2149,,1668,2404,,
Sipp, Tony,448609,2065,,,2007,,,969,
Harvey, Joe,642840,2507,,,2637,1827,,,
Wilson, Bryse,669060,2225,2097,,2322,1765,2286,,
Burr, Ryan,621114,2071,,2217,2310,,,,
Scott, Tayler,605463,2223,2231,,2792,,,,
McClain, Reggie,596035,,2170,,2309,1936,,,
Wright, Kyle,657140,2412,2309,,2477,1769,2682,,
Winkler, Dan,595465,2542,2042,2522,,,2642,,
Tate, Dillon,622253,2121,2097,,2502,1793,2507,,
Gustave, Jandel,594311,2414,2350,,2321,,,,
Edwards Jr., Carl,605218,2636,1829,,,1629,2344,,
Clase, Emmanuel,661403,2537,,2566,2615,,,,
Bolanos, Ronald,671790,2239,2238,,2574,1376,2650,,
Sneed, Cy,605482,2346,2383,2361,2350,1335,2378,,
Tepera, Ryan,572193,2274,2252,2394,2374,1215,,,
Hammer, JD,670456,2234,,,2469,,,,
Mayers, Mike,594577,2353,,,2199,2129,2620,,
Wilkerson, Aaron,658792,2350,,,2194,1554,2348,,
Palumbo, Joe,643478,2451,,,,1645,2530,,
Estrada, Marco,462136,2281,,2403,,1988,2626,,
Armenteros, Rogelio,660494,2005,,,2323,1522,2265,,
Hernandez, Jonathan,642546,2130,2137,,2350,2337,,,
Marvel, James,621086,1882,1835,,,1264,2283,,
Sewald, Paul,623149,2331,2093,,2241,1634,,,
Rodriguez, Jose,642578,2267,2204,,2241,2121,2411,,
DuRapau, Montana,657566,2438,,2846,,2034,2966,,
Hildenberger, Trevor,657610,2008,1934,,2269,1617,,,
Staumont, Josh,622251,2239,2250,2245,,,2728,,
Garrett, Reed,657585,2291,,2404,2465,,,1740,
Shepherd, Chandler,605469,2179,,,2148,1412,2215,,
Menez, Conner,669214,2349,,,2215,1563,2417,,
Sherfy, Jimmie,642073,2161,,,2574,1803,2314,,
Adams, Austin,542866,2205,,,2504,1957,,,
Romano, Jordan,605447,2261,2406,,2076,,,,
Dunn, Mike,445197,2327,2205,,2415,,2222,,
Grotz, Zac,665093,2001,1836,,2184,,2406,1025,
McGowin, Kyle,641851,2359,2396,,2807,2189,2660,,
Volquez, Edinson,450172,2280,2291,,,1237,2726,,
Valdez, Phillips,570488,2449,2456,,2446,2137,,,
Chargois, JT,608638,2248,2321,,2297,,,,
Smith, Josh D.,605479,2645,2540,,3016,1860,,,
Ramos, Edubray,591693,2420,,,2542,1928,,,
Mazza, Chris,607391,1777,1836,2223,2286,1427,,,
Neshek, Pat,450212,,2099,2022,2234,1376,,,
Altavilla, Dan,656186,2389,,,2905,,,,
Romero, Fernando,622864,2241,2210,,2537,1772,,,
Alexander, Scott,518397,,2271,,2311,1650,,,
Miller, Justin,502522,2410,2253,,2648,2178,,,
Flexen, Chris,623167,2144,2168,,2460,1267,2766,,
Tropeano, Nick,607374,2303,2232,,2303,2030,,1019,
Lucas, Josh,572998,2204,2144,,2586,,2415,,
Gomez, Jeanmar,491646,2035,1991,,2094,1255,2273,,
Gibaut, Ian,664139,2056,,,2233,2082,,,
Romano, Sal,607219,2127,2166,,2513,,2297,,
Williams, Taylor,592865,2382,2372,,2609,2010,,,
Cueto, Johnny,456501,2292,2212,,2344,1386,2417,,
Black, Ray,605143,2612,,,2995,,,,
Rogers, Josh,642028,2170,2155,,2239,1507,2444,,
Alaniz, R.J.,595798,2263,2119,,2355,1712,2351,,
Suter, Brent,608718,2145,2185,,,1553,2263,,
Kay, Anthony,641743,2301,,,,1920,2453,,
Rogers, Tyler,643511,1893,1850,,,,2294,,
Williams, Devin,642207,2341,2384,2252,1954,2625,,,
Despaigne, Odrisamer,628333,2125,2159,2596,2770,1405,2773,,
Dull, Ryan,623430,2437,,,2622,1397,,,
Santana, Ervin,429722,2070,2024,,2307,1518,,,
Schreiber, John,670167,2093,2035,,,1321,2449,,
Bradford, Chasen,607473,2354,2323,,2664,2203,,,
Bird, Kyle,613317,2538,2407,,2601,,,,
Maples, Dillon,596027,2889,,,3024,,3236,,
Rios, Yacksel,605441,2083,2167,,1896,1682,2366,,
Steckenrider, Drew,608716,2394,,,,,2048,,
Cobb, Alex,502171,2075,,,,,2494,1538,
Stock, Robert,476594,2201,2014,,2865,1608,,,
Poyner, Bobby,596074,2262,,,2344,2267,2466,,
Alzolay, Adbert,640470,2405,,,,1902,3013,,
Rosario, Randy,600968,2033,1980,,2301,,1169,,
Blackburn, Paul,621112,2141,2041,,2386,1733,2664,,
Fernandez, Junior,658551,,2131,,2168,1917,,,
Luzardo, Jesus,666200,2406,2308,,2512,1977,2489,,
Farrell, Luke,608652,2459,,,2555,,2567,,
Neverauskas, Dovydas,596720,2276,,2325,,2032,2915,,
Underwood Jr., Duane,621249,2211,1967,,,1700,2353,,
Lyons, Tyler,544928,2173,2172,,2444,1647,,,
Norwood, James,656803,2270,2225,,1793,,,1144,
Jones, Nate,518858,,2445,,2276,2064,,,
Musgrave, Harrison,643466,2535,2433,,2560,1610,,,
Dayton, Grant,594795,2264,,2206,2211,,2451,,
Eades, Ryan,592280,2095,,,2281,1456,,,
Wilson, Alex,543935,2388,2156,2512,2455,1788,,,
Puk, A.J.,640462,2258,,,2218,1761,2177,,
Bautista, Gerson,639373,2409,,,2173,1287,,,
Venters, Jonny,458924,2247,2168,,2231,1713,,,
Bednar, David,670280,2206,,2135,,,2249,1448,
Anderson, Cody,594736,2402,,2581,,2239,2563,,
Keller, Kyle,664918,2400,,2419,2873,,2695,,
Jerez, Williams,605301,2119,,,2065,1066,,,
Davis, Rookie,606959,2101,1899,2158,2163,1016,2290,,
Jimenez, Eduardo,621592,2422,2377,,2384,1871,,,
Carle, Shane,641438,2292,,,2209,1571,2455,,
Selman, Sam,572125,2293,,,2513,,,,
Sborz, Josh,622250,2304,,,2183,,2055,,
Del Pozo, Miguel,600887,2156,,,,1915,2550,,
Guilbeau, Taylor,607555,2218,2196,,1998,1465,,,
Yardley, Eric,642233,1999,2004,,,,2850,,
De Los Santos, Enyel,660853,2130,,,2100,1889,2041,,
Webster, Allen,543903,2197,2143,,2456,1919,,,
Abad, Fernando,472551,2207,2131,,,1490,2588,,
Abreu, Bryan,650556,2220,,,2733,1545,2959,,
Vieira, Thyago,600986,2324,2266,,2381,1753,2096,,
Kuhnel, Joel,669270,2276,2211,,2321,1510,,,
Scott, Robby,582494,2011,2102,,2276,1586,2420,,
Walker, Jeremy,668683,2325,2263,,,2016,2449,,
Perez, Cionel,672335,2087,,,2545,1853,2262,,
Kelley, Trevor,665001,,2254,,2435,,2754,,
Graterol, Brusdar,660813,2101,2010,,2424,1674,,,
Burdi, Nick,595897,2422,,,2551,,,,
Collins, Tim,525768,2231,,,2295,,2649,,
Richards, Garrett,572070,2673,2664,,3013,,3431,,
Borucki, Ryan,621366,,2200,,2253,1928,,,
Morejon, Adrian,670970,2425,2478,,,1302,2613,,
Speier, Gabe,642100,2457,2377,,2341,1706,,,
Zamora, Daniel,623354,2245,,,2703,1406,,,
Carasiti, Matt,571539,,2086,2104,,1645,,,
Schlitter, Brian,489295,2056,2066,2167,,,,,
Pazos, James,572021,,2045,,2185,,,,
St. John, Locke,657766,2313,2213,,2340,1476,,,
Middleton, Keynan,641871,2429,,,2386,1878,,,
Edwards, Jon,457754,2444,,,2602,,2586,,
Peterson, Tim,623402,2230,2271,,2358,1501,,,
Nogosek, Stephen,668665,2403,2334,,2360,1697,,,
Oswalt, Corey,621261,2115,2009,,2031,1471,1957,,
Diehl, Phillip,670426,2508,,,2656,,,,
Dunn, Justin,643290,2342,2352,,2417,1734,,,
Robertson, David,502085,2494,,2587,2701,,2664,,
Pounders, Brooks,572044,2183,,,2381,1562,,,
Harvey, Hunter,640451,2136,,,,1217,2157,,
Poppen, Sean,664092,,2050,,2026,2072,,,
Guerra, Javy,642770,2346,2230,,2489,,,,
Jennings, Dan,543359,2375,2291,,2518,,,,
Wright, Steven,453214,2044,1913,,,,,,
Sulser, Cole,642121,2335,,,2394,1804,,,
Garcia, Bryan,650530,,2270,,2513,2052,,,
Hoyt, James,624586,2179,2066,,2554,1496,,,
Rhame, Jacob,642008,2526,,,2450,,,2227,
Petricka, Jake,502593,2089,2079,,2071,2005,,,
Moore, Matt,519043,2244,,2112,,1918,2359,,
Torres, Carlos,448614,2335,2019,2330,2437,,2365,,
Rodgers, Brady,572086,2430,1660,2385,2820,1782,2876,,
Huang, Wei-Chieh,658791,2318,,,2075,2310,2639,,
Moran, Brian,572383,2298,2244,,,,2423,,
Guduan, Reymin,594056,2397,,,2184,,,,
Ramirez, JC,500724,1950,,,2145,979,2329,,
Hahn, Jesse,534910,2424,2360,,2772,1539,,,
Escobar, Luis,650813,2266,2167,,,1751,2227,,
Hart, Donnie,643354,,2040,,2571,2139,,,
Anderson, Drew,623454,2327,2164,2416,,1665,2708,,
Santana, Dennis,642701,,2565,,2867,2121,,,
Feierabend, Ryan,456387,2045,,,,1849,,,1974
Gregerson, Luke,502381,2288,2177,,2605,1655,,,
Wotherspoon, Matt,642226,2157,,,2025,1894,,,
Heller, Ben,621294,,2405,,2393,1473,2413,,
Diaz, Miguel,622766,2160,,,2257,1715,2448,,
O'Day, Darren,503285,2367,2179,,2235,,,,
Mendez, Yohander,622795,2223,,,2165,1766,,,