pitcher_id,avg_speed,pitch_type,Vertical_Break_Difference,Horizontal_Movement_Difference
458681,94.6,FF,-0.6,-1.8
625643,95.4,FF,-0.6,2.5
543037,97.1,FF,2.8,3.6
434378,94.6,FF,2.9,3.2
543606,92.9,FF,0.7,3.2
572020,95.4,FF,-0.2,4
608337,94.2,FF,1.8,1.3
571510,92.1,FF,-0.5,2.6
594798,96.9,FF,1.3,-1.7
621111,96.5,FF,2.3,-2.9
501985,92.5,FF,-0.5,-3.3
656427,94.3,FF,-0.2,-3
669456,93.1,FF,2.4,0.8
592761,91.6,FF,-0.2,6.1
545333,94.5,FF,1.8,1.5
608331,93.8,FF,-3.4,-4.1
605200,88.4,SI,-2.8,1.5
663978,93.9,FF,2,0.9
518516,91.4,FF,-0.4,2.1
641712,93.5,SI,2.6,-1.5
622608,93.7,FF,-4.5,-2.2
642098,93.4,FF,-1,2.3
571927,93.3,SI,-1.2,1.2
607644,91.7,FF,2.8,-0.3
664192,90.1,SI,-2.3,-2
593958,93,FF,-1.7,1.1
456701,93,FF,-1.1,1.4
489119,87.3,FC,0.3,0.6
453286,94.9,FF,-0.6,3.2
641778,91.8,FF,0.4,2.4
592826,94.2,FF,1.7,-3.5
592662,92.4,FF,1.9,0.5
457918,92,FF,1.1,1.3
579328,92.5,FF,0,-1.4
425844,89.9,FF,-0.4,-4.1
527054,89.7,FF,-1.5,-2.2
642547,93.6,FF,1.6,-0.5
571578,81.7,SL,1.2,-2.3
641816,93.3,FF,-1.3,4.1
453562,92.5,SI,0.9,1.8
594835,88.9,SI,-6,-2.6
592351,96,FF,-3.8,3.1
592866,91.7,FF,-1.4,-1.1
663423,92.9,FF,1,-4.6
543475,92.6,FF,0.5,0.2
605513,93.6,FF,-4,-5.6
501381,92.5,FF,-2.9,-0.2
605400,93.1,FF,-0.9,4.2
605164,91.1,FF,2.3,-1.4
605400,79.1,CU,3,1.9
450203,78.6,CU,1,8.1
474463,90.7,SI,2.1,0.2
647336,92.3,SI,2.3,1
488768,93.9,FF,0.4,0.3
595881,94.2,FF,-1.3,2.7
641745,93.7,FF,-1.6,-7.2
571578,91.8,SI,-0.4,0.7
477132,90.3,FF,2.4,-7.3
571510,79.6,SL,2.3,-6.4
543294,86.7,SI,0.5,-1.2
592716,92.5,SI,-2.6,-1.5
573186,92.5,SI,4.1,-3.4
518876,92,FF,-0.5,-2.7
467100,92.3,SI,3.2,2.6
630023,93.9,SI,-0.6,2.9
608379,93,FF,0.6,0.8
518516,87.2,FC,0.4,-1
605182,95.4,FF,2.3,-2.3
596057,90.8,FF,0.4,-0.7
452657,87.9,FC,2.9,-0.4
506433,86.9,FC,-6.8,3.1
544931,81.2,CU,-1.8,4.1
425794,74.9,CU,1,7.9
519141,92.8,FF,2.5,-2.1
594798,92.5,SL,-0.6,0.9
643338,96.4,FF,1.9,-0.6
643230,92.1,FF,-2.6,1.6
547888,83.3,SL,0.4,-1.3
592767,91.2,FF,1.8,-1.4
621244,93.1,FF,-0.9,2.1
477132,86.9,SL,-5.3,1
605135,93.2,SI,-1.3,0.8
670950,90.8,FF,1.7,1.4
622491,87.2,CH,1,1
605397,92.7,FF,-4,-1.5
502624,93.3,FF,1,1.1
500779,91.4,FF,-0.2,-2.4
596001,91.7,FF,-2,-1.3
571760,92.5,SI,-7.4,-1.2
544931,93.9,FF,-0.6,2.4
592644,91.1,FF,2.1,-2.5
543101,94.7,FF,0.8,1.9
468504,79.8,SL,-3.2,3.6
668676,93.9,FF,0.8,1.9
518633,92.3,FF,1.5,0.1
554430,96.8,FF,0.3,3.3
448281,93.5,FF,3.9,-3.7
519242,79,SL,5.1,3
623352,95.5,FF,2.4,1.6
593144,93.2,FF,-0.7,6.5
592662,84.2,SL,-2.6,-2.7
573186,85.7,SL,1.4,5.5
592332,93.9,FF,-0.2,3.5
450203,94.7,FF,-2.8,5.5
645261,95.6,FF,-0.8,1.3
519144,91,FF,-1.1,2.5
434378,87.5,SL,-2.3,0.3
664192,78.9,CH,8.9,-9.6
608566,95.7,FF,-2.5,-0.6
571666,90.4,FF,1.9,2.5
592789,97.5,SI,1,0.1
554430,96.5,SI,-2.9,-0.5
605483,95.5,FF,2.1,0
502706,92.3,SI,-3.7,0.4
572971,88.3,SI,5.5,-1.2
521230,96.5,FF,3,-1.4
622491,96.4,FF,-2.6,3.6
592789,97.8,FF,-1.1,-0.9
621244,81.2,CU,-5.1,7
543766,92.5,FC,-1.6,2.2
489334,92.8,SI,-1,0
519242,93.4,FF,-3.2,6.6
502043,93.2,SI,-1.1,-0.2
670950,83.4,CH,0,2.6
450306,78.7,CH,-0.4,3.2
656427,84.8,SL,-3,0.8
593833,92.9,FC,2.1,1.5
596001,82.4,SL,2.4,7.6
543699,91.9,SI,-4.3,-1.4
621107,93.8,FF,-2.1,1.8
570632,95.8,SI,-0.1,1.4
452657,90.6,FF,-0.3,0.2
669456,85,SL,-1.2,-3.4
527048,88.5,FC,-0.9,0.6
645261,95.3,SI,1.6,2
641745,84.9,SL,6.5,2.5
430935,91.4,FF,-0.6,1.3
642558,92,SI,2.7,1.8
592761,83.5,SL,-3.2,-4
592717,93.4,FF,-1.6,6.2
608032,97.8,FF,-0.3,-1.9
502042,94.1,FF,2,-0.3
605200,80,CH,0.3,0.9
663567,92.7,FF,-1.3,1
593958,87.7,CH,1,3.5
502188,91.6,FF,-0.8,2.8
501985,86.2,CH,-4.6,3.9
453172,91.1,SI,10.5,1.5
628317,92.1,FF,-0.3,-0.6
593334,81.7,CU,-3.9,-6.6
434671,90.2,FF,0.9,-3.4
502154,94.7,SI,2.6,-1.8
543243,93.3,FF,-0.2,-5.7
656222,92,FF,0.6,-1.6
601713,94.6,FF,1.8,3
592351,88.3,SL,-2.1,-1.8
621107,87.1,SL,-3.4,0
592879,91.5,FF,1.4,-3.6
445276,91.7,FC,2.1,3
543037,89.2,SL,0.6,1.8
628711,95.1,FF,1.5,-5.5
623381,89.7,FF,1.1,4
502190,86.7,FC,-0.3,-0.6
607644,80.9,CH,-8.6,2
622694,90.6,FF,2.1,-0.4
593334,93.4,FF,0.1,2.2
543339,96.2,FF,0.5,-0.2
656794,94.3,FF,0.3,-1.7
621363,92.9,FF,4.3,-2.7
571945,93.7,FF,-1.3,-0.7
571710,95.3,FF,-1.2,0.4
547888,91.5,FF,0.7,2
628317,83.5,SL,-4.9,-1.6
605276,93,FF,1.6,-4.2
506433,94.1,FF,0.9,-4.2
594835,81.2,CH,-2.2,2.8
641154,93.6,FF,-2.8,2.1
519144,89.5,SI,2.5,2.7
605540,96.3,FF,-0.2,1.1
543294,78.6,CH,-1.2,0.1
642232,84.1,FC,2.1,-1
605151,95.5,FF,0.6,0.6
502188,88.8,FC,3.1,-4.6
543475,80.6,CU,4.1,-2.4
593140,95.1,FF,1.5,-4.3
502042,88.7,SL,1.1,1.9
500779,77,CU,-3.1,-1.7
547943,80,CH,2.3,-0.7
663423,80.5,SL,8.9,0.9
547888,86.8,FS,-1.5,1.3
456701,84.1,FS,1,-0.7
656546,93.7,FF,-1.9,4.2
607536,92,FF,-2.7,-0.4
547943,90.7,FF,-2.5,3.4
608337,81.7,CH,-2.1,-1.4
579328,86,SL,-0.9,-0.8
593576,86.9,FS,3.8,-2.9
573186,91,FC,-1.3,-0.6
543699,92.1,FF,1.3,-2
453178,94.4,FF,0.8,1.9
543548,87.1,FF,1.6,1.7
641712,87.4,SL,1.7,-1.3
282332,88.3,FC,2.1,-1.8
545333,79.1,CU,9.5,-1.5
641729,95.1,FF,2.4,3.1
621244,92.1,SI,-0.1,1.5
592773,97.6,FF,1.4,1.8
521655,94.4,FF,1.6,-1
543507,95.5,FF,0.5,-2.2
657624,97.1,FF,0.6,0.5
641312,92.6,FF,-2.1,-6.4
543243,81.9,CU,3.6,7.1
465657,92.6,FF,1.3,-2.2
642397,95.3,SI,-2.7,-1.2
621242,97.4,FF,-0.2,3.9
642545,83.9,SL,-4.5,-1.6
607481,95.6,SI,6.5,-3
592612,89.3,FC,-1.9,0.5
608717,92.2,FF,-0.6,-1.2
570240,91.5,SI,-0.9,1.8
660761,91.7,FF,-0.1,-0.2
488768,84.5,CH,-0.8,0.1
544931,87.7,CH,3.7,1.6
425794,90,SI,0.5,-0.9
572140,91.3,FF,0.4,-3.6
500779,91.3,SI,-3.8,-1.9
664199,93.7,FF,1.1,-0.6
450306,84.2,FF,-0.1,2.2
621142,97.1,FF,-1.4,5.2
641745,92.8,SI,0.3,-3.7
527054,89.3,SI,2.6,-0.9
527048,93.9,SI,-0.5,1.7
605154,93.5,FF,2.6,1.3
425844,87.4,CH,3.2,-1.1
592716,83.9,SL,2.9,-2
542888,93.4,FF,1.3,-1.7
592332,83.5,FS,0.9,3.4
657141,91.5,FF,1.5,-0.2
570666,84.9,SL,1,-3.9
621381,91.4,FF,-1.9,5.5
592426,87.7,SL,10,-1.2
605446,90.7,FF,-0.3,-2.9
571945,93.4,SI,-1.5,-0.4
517008,90.4,FC,-1.3,-0.6
544931,93.7,SI,-0.8,1.6
645261,86,SL,1,-0.2
598264,85.5,CU,2.8,-1
605347,81.7,CU,1.7,-0.7
641941,95.5,FF,3.1,-2.8
571945,87,SL,0.3,0
608331,74.5,CU,7.7,-1.7
669456,82.7,CU,1.3,-4.2
668678,92.9,FF,1.4,-1.8
623433,96,FF,3.5,-1.2
605538,83.5,SL,-1.8,-0.3
657024,92.7,FF,2.3,2
656288,93.9,FF,2.1,1.2
605347,94.3,FF,-1.5,2.1
615698,94.3,SI,-2.8,-0.4
543045,95.3,FF,-1.5,5.8
605288,94.3,SI,1.9,0.4
643327,81.8,CU,-1.7,-4.8
594835,85.2,FC,3.3,-3.2
663978,84.5,CH,-0.8,-1
501985,86.4,SL,-0.7,1.3
656302,96.5,FF,-1.2,-5.6
501381,83.9,SL,-0.2,-5.8
657571,94.4,FF,1.4,1.8
621295,92.3,FF,0.4,1.2
519455,90.5,FF,-0.5,0
571578,91.8,FF,-1,2.4
622491,96.5,SI,2.3,1.9
453343,91.8,FC,0.7,-0.5
543548,79.4,CH,1.2,1.9
663432,97.7,FF,2.1,-3.3
527054,82.2,SL,-3,-5.3
457915,92.7,FF,1.3,-2
642607,91.1,SI,0.3,1.5
434671,84.3,FS,-2.6,3.5
543208,84.3,SL,-2.4,-4.6
434671,87.6,FC,4.6,1.7
518876,80.6,CU,3.1,0.6
605164,81.1,SL,2,-2.6
594027,98.9,FF,0.1,1.7
543699,86.3,SL,-3.9,-1.4
543101,89.4,SL,-3.1,0.7
606149,93.7,FF,1.4,3.4
425794,84.9,FC,-1.1,2.7
554430,91.2,SL,-0.8,0
592767,77.4,CU,-8.1,-10.4
598264,96.6,FF,1,3.4
570240,82.5,SL,0.2,-4.4
519141,81.2,CU,5.1,-3
605400,85.8,CH,-0.1,-0.3
647336,83.2,SL,3.4,0.4
641627,94.7,FF,-0.5,-1.4
502190,84,CH,4.2,-2.6
527048,85.3,CH,-2.8,1
608566,84.9,CU,-3.7,-2.5
468504,89.9,SI,1.6,0.8
594965,93.3,FF,0.4,4.7
453281,78.6,CH,1.7,0.1
519008,89.4,SI,7,1.7
606625,97.2,FF,1,-2.9
545333,84.6,FC,-8.2,2.7
543208,89.2,SI,1.7,-0.4
612434,97.3,SI,0.6,1.6
450203,93.9,SI,4.2,3.6
571945,78.3,CU,5.1,1.9
641482,89.6,FF,2.1,-0.8
542882,92.5,FF,0.7,-0.6
475054,81.1,SL,3.8,15.1
518516,78.8,CU,-5,1.9
489265,77.4,SL,-5.5,3
543243,84.6,SL,6.3,10.7
489119,81.2,CH,-1.4,2.3
453281,84.1,FC,4.8,-3.3
571946,94.3,FF,1.2,2.5
458681,92.8,SI,2.1,-1.7
453192,82.4,SL,1.1,3.3
519455,85.8,SL,-5.6,-1
445213,92.6,SI,0.9,1.4
605397,83.2,SL,0.8,6.4
607192,96.9,FF,-0.1,-4.2
519443,80.6,CU,5.3,-0.8
489446,93.5,FF,-0.4,5.5
547973,98,FF,2.5,-3.6
502188,92.2,SI,0.6,2.2
596071,91,FF,0.8,-3.1
628317,84.9,CH,3,-0.9
625643,84.4,SL,-1.8,-1.3
650895,88.7,SL,0.6,1.8
502043,84.1,SL,2.9,1.3
518617,95.8,FF,-4.1,5.7
453286,85.6,SL,0.1,-2.5
596112,84.5,SL,2.7,-0.4
656222,87.2,CH,-0.1,2
601713,80.5,CU,6.2,3.6
553878,98.5,FF,-1.8,0.5
518633,84,SL,0.4,-2.1
605135,93.9,FF,-1,0.9
605130,83.8,SL,4.5,1.8
592473,88.9,SI,1.7,0.2
605288,94.5,FF,-1.1,-0.4
593958,88.5,FC,0.5,-0.8
606131,94.2,SI,0,0.1
593423,96.4,SI,-3.3,1.2
593679,93.4,FF,-3.3,4.5
643316,90.7,FF,-3.5,-5.8
571656,95,FF,0.9,4.1
621107,93.1,SI,1.6,1.7
543521,79.5,SL,0.2,6.4
434378,79.4,CU,2,1.5
543118,84,FS,1.2,-5.5
461872,86.1,SL,-0.8,0.3
458681,89,FC,-2.5,1.4
570663,97.2,FF,2,3.7
502624,82.7,CH,-3,4.1
571666,90.2,SI,-3.4,0.9
450306,84.2,SI,0.3,1
612672,91.4,FF,0.4,-3.2
608566,87.4,SL,-1.2,-3.6
520980,95.8,FF,2.2,-1.7
543294,87.2,FF,-1.9,0.2
519144,84.3,SL,-2.9,-1.5
593958,93,SI,-0.4,0.2
607237,85.8,SL,-1.2,-3.6
643327,89.9,SI,4.4,-1
605513,86.5,SL,1.4,0.8
543243,93.1,SI,-0.6,-2.9
596133,93.8,FF,0.8,0.4
543135,97.5,FF,-0.8,3.2
518617,85,SL,5,0
502190,88.3,SI,-0.2,-3.9
502188,84.6,SL,-5.4,-5
571927,84.3,CH,4.7,3.1
607536,86.7,SL,-2.6,-1.1
518876,89.9,FC,2.5,0.4
518489,96.1,FF,1.1,-1.6
621381,86,SL,-5.3,-2.7
596057,84.3,SL,-0.1,0.1
592314,85.4,SL,-2.2,-1.5
641778,88,FC,1.3,-0.3
607200,92.3,SI,1.3,-5.3
592454,90,CH,1.6,-0.3
605182,80.7,SL,1.9,8.1
592717,78.4,CU,3.8,4.8
572020,88.1,FC,-3.3,-0.3
605156,91.8,SI,0.8,2.7
607229,95.3,SI,-1.6,1.9
467100,92.5,FF,-4.6,5.4
642232,79.5,CH,1.5,3.2
547943,87,FC,-0.3,-0.9
600917,96.8,FF,2.2,-5.6
282332,79.2,SL,-1.4,1.6
608379,85.5,CH,-0.7,-1.4
605240,88.2,FC,-5.2,-0.8
548389,90.6,FF,0.7,-1.8
459429,93.4,FF,-1.5,2
501789,91.2,FC,1,2.1
543037,82.6,CU,5.8,3.9
605154,83.7,SL,-2.4,2.6
605513,94.1,SI,2.2,0.1
493603,81.8,SL,-0.3,9.9
622491,85.9,SL,1.8,-6.4
573124,94.8,SI,1.6,1.9
676606,88.3,FF,0.5,-3.4
592135,83.2,SL,5.6,-1.4
433589,89.1,FF,1.8,0
544727,95.9,SI,3.7,2.6
543606,85.4,FC,-0.3,3
607560,74.1,CU,-3.5,2.7
622505,93.4,SI,3.7,2.9
456034,91.9,FF,-1.3,3.4
543272,81.2,SL,1.3,6.9
430935,83.3,CH,0,0.4
605540,96,SI,-1.6,0.4
545333,79.6,SL,2.8,8.5
593679,84,SL,0.2,-4.3
543022,95.7,SI,-3.9,-0.9
594798,90.3,CH,1.2,-0.4
596001,91,SI,0.8,-1.5
650382,95.5,FF,-1.6,-5.1
573185,90.2,FF,0.4,1.7
592662,81.6,CU,-5.3,-5.8
606965,94.7,FF,-1.1,3.8
502043,93.4,FF,-0.4,-0.6
608648,93.9,FF,-0.3,-1.3
467100,79.9,CU,-3.4,-4.6
572020,81.1,CU,-3.2,-4.8
592789,91.1,CH,-1.1,1.5
641838,91.1,SI,4.7,-0.1
592390,93.6,FF,2.1,-0.4
594835,76.3,CU,2.4,-2.8
448179,90.3,FF,1.6,3.8
571666,85.7,SL,-7.6,-1.1
606149,85.3,SL,1.6,-3.8
656713,93.7,FF,1.4,1.7
650895,98.2,SI,-0.4,0.3
425844,83.7,SL,0.7,1.8
641755,88.5,SL,1.1,0.1
643316,83.9,SL,5.9,8.2
622259,95.9,FF,0.2,2
474463,81.9,SL,8.6,-1.9
592314,94.8,FF,-0.2,1.2
621244,82.5,CH,2.9,0.3
642232,88.1,SI,-0.8,0.5
641816,80.4,CU,-1.8,-2.2
474463,89.4,FF,-5,-3.1
661255,96.2,FF,-1,-2.8
456034,84.1,CH,2,2.6
488748,92.4,FF,2.2,1.1
571666,74,CU,7.7,0.5
445926,91.1,SI,-0.7,2.2
458708,86.9,FC,2.9,-0.1
623364,93.7,FF,1,-1.7
519293,92.6,FF,0.6,-0.9
456034,91.9,SI,-1.3,1.9
502239,91.7,SI,2.5,1.8
592717,93.9,SI,-0.7,2.4
542947,89,SI,6.4,-0.2
605156,92,FF,-1.6,5.7
664285,92.6,SI,4.8,-2.3
592314,95,SI,-0.6,0.7
527048,94.2,FF,0.2,1.6
592135,92.9,FF,1.8,-4.6
641312,86.3,SL,1.3,1.7
605164,83.4,CH,0.8,-0.4
592346,92.4,FF,-4.7,-4.3
673633,83.8,FS,2.1,0.4
467100,86.2,CH,0.5,3.3
622694,78.5,SL,-12,-0.5
647336,92.9,FF,-3.3,-2.8
543606,85.2,FS,-1.1,1.3
592426,96.1,FF,1.1,0.4
453284,91.2,FF,-0.5,-3
542960,94.1,FF,-1.8,-0.3
519393,85.6,SL,4,5.8
600917,82,SL,0.1,2.1
457918,89.6,SI,1.7,0.2
592789,89.1,SL,3,0.6
605195,95.3,FF,-1.7,-2.7
502748,91.8,SI,-0.5,3.2
625643,84,CH,-2.6,-1.1
642558,93.1,FF,-1.1,1.7
457918,84.8,SL,-4.7,-2.2
452657,74.5,CU,-6.2,0.2
623184,94.3,FF,-2.1,-5.9
543101,94.5,SI,-1.6,0.3
592866,82.9,SL,-0.9,-0.2
669203,95.2,FF,-2,-5.5
605121,84.5,SL,-1.7,3.6
458006,92.7,SI,2.2,2.5
572140,75,CU,6.2,2.2
642545,91.7,FF,1,-0.6
650671,93.3,FF,0.1,-1.5
605483,81,CU,-2.2,-0.3
614179,96.4,FF,2,-2.6
518553,90.5,SI,-0.1,0
607457,93.4,FF,-1.2,-0.8
605347,93.8,SI,0.7,1.6
518875,82.4,SL,-0.7,-0.2
570666,94.6,FF,0.2,1.3
621237,98.1,SI,-2.5,-1.9
605280,94.3,SI,6.8,0
493603,93.9,SI,1.8,0.1
660761,81.7,CH,-1.2,-5.8
595014,96.5,SI,3.9,4
425844,70.6,CU,1.7,1.4
605130,94.1,FF,-1,-3.7
571760,79.4,CU,-3.4,-3.7
592454,96.4,FF,0.1,-1
489119,90.8,FF,0.2,-2
593679,93.6,SI,1,1.9
605155,81.9,CU,6.4,5.3
543483,95.2,FF,1.2,0.4
673633,91.1,FF,1,2.1
656605,95.4,FF,0,-0.5
596057,85.7,CH,6.9,-1.1
656288,88.9,SL,-3.9,-1.5
502043,85.3,CH,2,0.2
630023,85.9,FS,0.5,1
542882,86,CH,5.7,-9.4
592717,88,CH,0.4,2.9
430935,87.6,FC,1.1,-1.9
461829,82.3,CH,0.8,-0.8
518553,78.9,SL,0.2,0.2
608566,94.7,SI,0.2,-2.2
444468,96.7,FF,-0.4,0.1
518774,93.2,FF,-1.7,4.8
659275,95.9,FF,-0.3,-2.1
519293,81.6,SL,-0.3,3.1
623433,83.1,CU,-7.1,-4.9
607625,94.5,FF,1.3,-0.7
594840,91.2,SI,2.5,-0.1
642231,93.7,SI,-1.2,1.6
554340,94.2,FF,-0.6,-2.4
663423,88.1,FC,-1.8,2.2
543883,88.9,FF,0.3,-2.8
571882,94,FF,-1.3,-3.4
622608,84.3,SL,1.3,0.8
532077,96.7,FF,2.8,-1.6
502706,81.1,SL,-3.7,-8.3
471911,84.7,SL,2.6,-2.8
592644,85.9,SL,-5.8,0
453281,86.1,SI,-0.3,1.2
605452,94,SI,-0.7,-0.1
502748,81.3,SL,-6.7,3.8
605155,93.2,FC,-1.7,1.1
489446,86.3,FS,4,1.9
592222,85.6,SI,4.7,1.6
621097,92.3,FF,0.5,-4.7
471911,93.8,FF,-1.3,4.1
457918,86,CH,-0.9,1.3
630023,87.5,SL,-3.1,0
433587,79.3,CU,-0.9,0.7
572888,92.6,SI,0.2,0.8
598286,86.7,FC,1.2,-3.2
502190,88.6,FF,-4.4,-0.2
593334,87,CH,-2.9,3.3
605156,85.6,SL,0,-2.8
608331,83.7,SL,4,6.9
592826,86.4,SL,0.6,1.6
477132,73.5,CU,3.8,-6.7
598286,79.1,CH,0.7,0.3
543557,92.3,SI,0.3,-0.7
502327,91.8,FF,-1.2,5.6
543521,90.8,FF,-0.1,3.3
621056,93.6,FF,3.2,-5.5
448855,94.6,FF,2.9,-1.2
606965,84,CH,4.4,3
519443,92.9,FF,0.5,-3
641835,94.3,SI,-0.2,1.8
628452,95.4,FF,0.3,-0.2
453385,90.2,SI,6.3,2.8
608337,84.6,SL,-4.3,-1.4
453265,93,SI,-0.1,0.8
598287,77.7,CU,-2.1,0.2
608723,92.7,FF,1,-3.2
502748,92.5,FF,0.1,4.7
548389,79.8,CU,3.1,-0.8
596001,79.3,CU,-5.7,6.7
606273,93.9,FF,2.1,1.1
622259,85.8,SL,3.2,-2.4
543022,96.1,FF,0.8,-3.4
571858,96.2,FF,0.5,2
579328,75,CU,2.6,-4
445926,88.2,FC,4.7,-2.5
641482,82,SL,-3,-3.6
643256,84.9,SI,0.1,0.1
592468,91.9,FF,-2.2,-3.6
407845,93.6,SI,-2.6,-1.2
621111,86.8,SL,3.5,6.7
502239,83.4,CH,7.4,1.2
664285,79.4,CU,6,4.4
543272,92.7,FF,-0.7,3
571927,78.6,CU,-1.8,1.7
453286,84.3,CH,2.8,1
572703,86,SL,0.5,0.7
448179,74.5,CU,4.1,7.4
571704,86.4,SL,-0.8,-5.2
456701,87.3,SL,-3.1,-1.1
518876,86,CH,-6,-1.1
434538,93,SI,-1.2,-1.1
453562,87.5,CH,6.5,3.2
592767,86.7,FC,3.2,-3.8
571704,96.9,FF,1.2,1.7
607352,94.1,SI,-4.3,-2.8
448855,94.8,SI,-4,-0.4
641154,85.7,CH,3.4,3.4
641941,87.5,FC,-4,1.5
506433,82.4,SL,-0.3,8.9
605540,88.4,SL,0.9,-0.1
605156,84.7,CH,7.2,1.5
433587,89.4,SI,1.4,-0.1
571927,89.5,SL,-0.6,-5.7
592761,82.6,CH,-1.7,2.5
668676,85.8,CH,-2.1,-2.5
545064,88.2,SL,4,-2
659275,85.5,CU,-6.5,3.9
543101,83.3,CU,-3.2,-3.2
663465,92.4,FF,-0.3,1.1
467100,86.7,FC,0.2,-5.8
592858,95.8,FF,1.4,-6
623184,85.6,SL,3.1,1.3
594986,87.3,FC,-2.1,1.1
455119,95.9,FF,-0.5,-0.6
605488,92.1,SI,-6.2,-3.7
657031,94.8,FF,0.9,-2.1
519242,85.2,CH,5.3,3.9
664199,85.3,SL,0.7,0.5
605483,86.3,CH,-2.2,0.3
615698,86.4,SL,0.7,-0.8
612434,86.1,SL,2.6,2.3
473879,93.8,SI,4.2,1
501789,81.3,CU,4.6,4.3
656427,78.2,CU,1.5,1.8
501985,80.7,CU,1.4,-0.7
450306,70.6,CU,1.2,-0.3
607644,83.6,SL,-5,-0.2
501625,91.4,SI,-1.8,2.2
504379,86.7,SL,-2.8,-2.1
598287,84.2,CH,7.7,-2.8
543118,93.5,FF,2,-8
656427,92,SI,0.2,-3
425794,89.6,FF,-2.6,-3.1
572403,92.9,SI,0.9,-1.6
595881,83.9,CH,3.3,0.7
446321,91.6,FF,-2.2,3.4
642098,79.1,CU,2.2,-2.8
656547,92.1,FF,0.8,-4.3
608371,93.5,FF,2,0.5
502239,79.4,CU,1.6,4.6
645261,89.1,CH,2,2
451584,93.2,FF,-0.7,-4.6
502190,80.3,SL,1.8,-0.8
519144,74.9,CU,-3.4,5.2
461829,89.5,FF,0,2.4
593423,88.4,SL,-1.4,1.4
641712,93.9,FF,-4.2,-2.2
572971,86.1,FC,-0.2,0.1
518452,93,FF,-3.4,-1.6
621111,92.8,FC,0.1,3.6
543699,75.7,CU,4.8,1.3
573124,82.8,SL,-1.6,3.3
605121,94.6,FF,1.3,-0.2
608648,83.6,SL,12.7,-0.4
453192,92.4,FF,-1.3,0.3
641755,94.9,FF,0.7,-3.5
503449,94.3,FF,-2.1,3.9
518715,85.2,SL,-2.8,-2.5
519455,80.2,CU,-3.9,-3.7
580792,92.6,FF,0.9,-1.3
656546,77.1,CU,2,1.2
621242,89.5,SL,-0.7,-1.1
571882,84.8,SL,5.3,0.3
452657,84.3,CH,0.2,-0.2
458677,95,FF,2.5,-3.2
592229,94.5,SI,-3.3,-2.8
547943,90.1,SI,1,1.6
596112,94.9,FF,0.3,3.1
429719,91.6,FC,0.7,-1.5
592879,80.6,CU,-7.7,3.7
606625,83.4,SL,-0.2,4.8
605400,92.2,SI,-0.5,1.5
607074,91.4,FF,-1.2,2.3
472610,85.2,SL,1.5,2.9
664192,90.5,FC,5.9,-4.4
606131,86.6,SL,2.5,-3
615698,94.5,FF,-0.2,1.4
474463,82.6,CH,2,2.1
595191,89.4,FF,1.3,3.1
621142,83.8,SL,3.1,-2.7
571666,84.1,CH,0.4,2.6
623465,94.1,FF,0.2,2.2
668676,84.9,SL,-1.5,-3
656257,96.6,FF,1.8,3.6
461829,88.9,SI,-1.2,0.8
502043,80.1,CU,-1.9,-1.2
605276,83.4,SL,-2.8,-1.5
658305,87.1,SL,-0.6,0.8
672773,94.1,FF,-1.3,6
501593,82.4,CH,2.5,1.2
519144,80.8,CH,1.6,1.1
592866,89.6,SI,2.2,0.1
592222,73.3,CH,0.2,1
504379,93.8,FF,-0.2,1.9
605195,81.5,SL,-0.3,10.4
520980,86.2,CH,-7.3,-3
592169,81.7,CU,-1.8,0.3
641154,79.8,CU,-6,0.2
656685,85.1,SL,1.7,-1.2
664208,91,FF,-2.6,-8.6
663567,85.2,CH,0.3,-3.5
580792,82.3,SL,-0.1,2.7
592165,94.7,SI,3.1,3.4
607231,95.8,SI,-3.1,0.7
605177,84.4,SL,2,-4.1
641778,77.1,CU,-2.8,-4.5
547179,93.8,FC,1.5,-3.3
622075,95.7,FF,-2.5,0.8
434538,87,SL,-3.3,-1.8
605446,84.5,CH,-2.1,0.8
542914,95.3,SI,-3.7,-1.2
444468,86.8,SL,3.5,1.9
571670,93.7,SI,0.1,1.6
656222,75.1,CU,3.1,0.8
596101,94.3,FF,1.4,-0.9
606930,88.3,FC,-2.1,3
628452,84.1,SL,-0.5,4.2
661255,84.3,SL,2.7,4.3
621111,80.7,CU,7.1,1.6
608379,89.4,FC,1.6,-0.2
518566,93.2,FF,-0.2,5.6
607352,87.8,FC,-3.2,1.6
502624,90.6,FC,4.4,-0.8
461872,93.4,FF,1.2,0.8
596043,91.5,FF,2.8,-0.5
608032,87.7,SL,2.6,2
613534,89.4,SL,1.6,2.7
656970,89.1,FF,-0.3,3.9
656257,83,SL,3.1,10
543901,89.4,SI,5,3.2
506433,93.4,SI,0.4,-2.8
501381,87.1,CH,-0.2,2.4
543557,84.3,CH,1.6,2.2
543557,77.7,CU,-2.6,-1.7
518452,87,CH,2.8,-4.9
664062,93.6,FF,1.6,0.3
664180,90.5,FF,-1.1,-5.9
458006,83.4,SL,0.5,-2.3
542585,96.4,FF,0.6,2.6
453343,82.1,CU,6.3,-3
663776,93,FF,0.3,-0.9
429719,85.7,SL,0.8,-1.2
547943,72.7,CU,1.4,2
607560,89.3,FF,-7.3,-6
488768,85.7,SL,-0.8,-0.3
592145,93.8,FF,-2,-2.4
641835,87.8,SL,-0.6,-3.4
518715,91.3,SI,5.5,3.6
643778,89.9,FF,0,-3.8
664854,97.8,FF,1,-0.6
605135,88.3,FC,0,-0.2
642547,77.2,CU,0.2,-3.3
664353,93.2,FF,1.6,2.2
605359,87.6,CH,4.7,1
458681,81.2,CU,1.1,-1.5
450203,85.4,FC,-4.7,1.3
519393,91.7,FC,-2.4,0.9
453284,79.9,FS,1.7,0.6
552640,94.8,SI,-0.7,3
622786,93.7,SI,2,-0.8
592346,86.9,FC,-3.5,-0.2
606424,84.4,SL,1.8,1.7
642152,97.4,FF,-1.2,1.8
456034,88.5,FC,1.6,-5.3
554430,89,CH,-3.8,-1.7
523260,87.2,CU,4.8,2.7
656954,92.8,FF,-3.8,-1.4
516969,96.3,FF,-0.7,-2.1
594986,89.2,SI,5.2,-4.2
605513,80.3,CU,3.6,2
608344,89.8,FF,-2,5.6
424144,78.5,SL,1.1,-2.3
621097,89.2,FC,0.4,1.3
641853,93.8,SI,-6.9,-2.2
642152,92.1,FC,-1.8,-0.9
605200,87,FC,5.1,-6.9
544365,85.3,SL,-1.6,-3.4
606930,93.6,FF,0.5,-5
647336,81.2,CH,-3.1,2.5
605151,82.1,CU,-1.9,-4.4
502239,85.8,FC,-2.6,-1.4
605397,91.5,SI,4.2,-3.6
542888,89.9,FC,0.7,3.5
657031,87.5,SL,-1.3,0.3
554430,80.7,CU,2.3,-1.2
656977,96.1,FF,2.1,-2.2
596071,76.7,CU,2.3,-0.3
615698,84.6,CH,-2.5,-4
598287,89.1,FF,-0.7,-0.1
518489,85.2,SL,1.8,2.2
621381,80.2,CU,-7.2,-2.1
658305,93.8,FF,1.7,-1.8
622446,93.4,SI,-1.5,1.5
453265,86.1,CH,-3,4.4
622065,84.9,FC,1.7,-1.4
643493,91.9,FF,-0.3,-6.1
543278,79.2,CH,-0.8,3.3
605135,70.3,CU,4,1.8
452657,89.5,SI,2.3,-0.3
543532,83.1,SL,-1.4,-4.6
554340,83.2,CU,-2.4,-0.3
547973,85.2,SL,1,6.8
595191,74.6,CU,-1.1,-1.7
597113,93.2,FF,-0.9,-0.6
429719,93.5,FF,-2.6,-1.8
592662,92.2,SI,-3.7,-0.6
592773,89.6,SL,-0.1,-2.9
673258,96,FF,0.2,1.4
642558,85.3,SL,0.4,-2.7
518875,91.9,FF,1.6,-4.2
552640,88.3,SL,1.9,4
606424,93.3,FF,-3.9,8.4
607625,79.6,CU,8.8,2.8
650644,92.6,SI,-1.2,-0.7
500779,86.5,CH,-2.1,-5.1
608717,84.5,SL,3.2,1.7
571656,88.1,CH,3.9,1.7
430935,78,CU,0.5,-3.2
592165,84.6,CH,0,2.5
607237,95.1,SI,0.1,0.1
664856,91.7,FF,-0.6,-3.4
656887,92.5,FF,-0.2,1.4
656685,94,FF,-1.5,-3.9
657277,93.2,FF,-1.8,1.3
621389,90.2,SI,-0.8,0.9
622072,89.9,SI,-3.7,-1.2
572888,87.7,FC,0.3,4
543351,85.9,SL,0.5,0.2
622065,89,SI,1.3,3
584171,85.9,CH,0.9,-4.1
434538,87,CH,0,0.3
592789,80.4,CU,-7.1,4.3
643230,83.5,FC,-5.2,1.8
453562,80.6,CU,1.8,6
641154,93.3,SI,3,1.7
451584,88.9,FC,-2.9,3
642098,85.7,CH,-4.7,-0.2
502026,93.7,SI,1.5,2
657097,95.1,FF,0.8,4
521655,76.4,CU,0.8,0.6
571656,82.4,SL,-2.6,-5.1
593576,94.4,FF,0.1,1.4
518566,86.9,CH,1,0.9
430935,91.1,SI,0,-0.6
467008,83.1,SL,3.4,-1
518876,91.5,SI,1,-0.6
519151,95.5,FF,1.7,-4.9
595191,83.8,SL,-4.9,-4.8
572403,84.8,SL,1.5,4.5
623381,73.7,CU,1.2,-0.3
669160,96,SI,0.5,2
641302,90.6,FF,-0.3,2
458708,89.4,FF,-0.1,3.2
656302,84.7,SL,6,0.5
607229,90.5,SL,-1.2,-4.1
543135,93.2,FC,-0.2,-0.9
521230,88.5,SL,-1.5,-0.6
572362,90.7,FF,1.2,-0.3
641712,81.9,CU,-6.8,1.9
545064,96.8,SI,-0.1,-3.2
543699,84.1,CH,-2.6,-0.1
592879,85.7,SL,-3,1.5
461325,78.4,CH,-6.1,-0.5
643230,84.3,CH,3.9,-3.1
543339,86.7,SL,0.9,-2.1
605452,94.1,FF,-0.9,0.1
448855,86,FS,-5.5,-1
519151,83,CU,4,10
592866,83.6,CH,-2.2,0.4
598271,88.9,FF,-0.4,2
642528,96.8,FF,1.2,-3.2
518813,91.6,FF,-0.7,-7
605540,87,CH,-0.8,2.4
607625,94,SI,-2.8,0.7
605446,75.6,CU,1,1.3
517008,94.4,FF,1.7,-3.4
605177,93.8,SI,-1.4,0.2
623470,93.8,FF,-0.2,-2.5
545333,86,CH,-2.4,1.2
605397,85.3,CH,2.6,-5.4
657612,89.9,SI,-0.3,0
476451,88.7,SI,-2,1.1
595881,80.3,CU,6.4,-1.3
593423,96.8,FF,1.8,1.6
642232,72.8,CU,-9.9,1.6
663465,87.7,FC,-1.4,0.9
606167,93,FF,-0.6,0.7
605164,74.8,CU,2.7,-1
544727,88.1,SL,-1.8,-3.5
547179,97.2,FF,1.3,2.6
669203,87.9,SL,2.3,2.7
572703,94.2,FF,1.1,2.4
460283,72.3,CU,-1,1.3
660761,75.8,CU,-3.2,1.3
570632,85.8,SL,-4.6,-2.6
641816,87,FS,-0.4,0.3
643338,87.6,SL,0.7,0
641729,86.1,SL,-1.8,1
621385,92.2,FF,0.8,1.8
488768,80.6,CU,-0.2,4.8
453329,84.4,FC,1.3,-0.4
458677,90.1,FC,0.4,3.4
593423,86.8,FS,-0.2,2.3
572971,79.7,CH,5.1,-0.1
622772,97.4,SI,1,0.6
643230,91.3,SI,3.3,-0.5
584171,91.1,SI,-1.5,0.4
457915,85.2,SL,-1,-0.3
592773,88.3,FS,0.5,-0.3
598286,90.1,FF,-2.6,5.2
543557,87.7,FC,-1.4,-0.2
605309,96.2,FF,1.2,-2.6
596071,84,CH,-2.4,-1.2
641793,86.5,SL,-2.6,-3
598271,74.9,CU,2.1,2
605177,93.6,FF,-1.1,2.2
543483,85.9,CU,-2.6,-1.5
489119,75.6,CU,2.1,-1.3
622065,84.5,CH,4.8,1.7
645261,82,CU,-3.5,-1.8
641793,93.8,FF,-0.1,0.4
622065,81.5,CU,-5.3,-5
625643,78.3,CU,-6.9,-5.2
592102,92.2,FF,3,3.6
607192,83.5,CU,6.3,-0.8
518774,87.2,SL,-2.8,-1.5
592351,78.6,CU,-3.4,1.7
594987,93.4,SI,1.7,1
543294,71.4,CU,1.6,3.9
453562,89.7,SL,-4.9,-0.2
605525,94.8,FF,0.2,-1.9
642397,84.9,SL,-1.2,-1.1
573046,72.6,CH,-1.5,-2.2
668678,79.2,CU,0.3,-0.5
476589,85.5,SL,-2,1
472610,96.8,SI,-0.1,-0.7
663432,87.2,SL,5.3,0.8
596133,84.5,CH,0.1,-2.6
434671,90.4,SI,-4.9,-2.3
621345,91.5,FC,-0.3,1.6
573046,91.1,SI,-0.9,0.9
612672,85.8,SL,-4.6,1.2
607231,95.9,FF,1.1,3.4
518813,84.3,SL,1.3,-0.3
592826,83.1,CU,1.6,-3.2
664129,96.4,FF,-3.5,-0.9
607074,83.8,SL,1.4,1.6
592716,87.4,CH,-0.7,2.2
612672,74.1,CU,0.4,-3.1
643256,75.4,SL,0.1,0
571760,84.7,CH,-1.9,2.9
650644,87.9,FC,0.9,3.5
448855,82.1,CU,-1,-0.7
570663,89.5,CH,-0.5,-1.2
607200,79.2,CU,-4,1.9
656302,79.5,CU,9,-1.8
547179,87.4,CH,-3.1,1.6
502042,87.7,CH,-1.1,-1.3
643327,88.5,FC,-0.1,-2.9
605288,80.6,CU,5.5,-4.9
605397,82.1,CU,0,0.8
626929,91.2,FF,0.4,0.7
605182,77.6,CU,3.2,-1.7
519242,92.2,SI,4,4.2
468504,90,FF,-2.5,0.1
543037,88.6,CH,-5.3,1.1
518633,83.8,CH,-3.6,1.4
527054,83.6,CH,-3.2,-0.1
456701,78.4,CU,-2.3,1.6
621381,84.3,CH,1,2.6
656288,82,CU,-3,1.9
605501,81.4,SL,-4.5,2.3
593833,87.5,CH,0.9,-3.2
593679,85.9,CH,-3,2.5
657141,85.9,FC,-2.6,0.8
612434,90.6,CH,1.2,3.4
643778,89.8,SI,-3.5,-3.6
608678,94.3,FF,0.3,-2
282332,89.2,SI,1.6,-0.2
523260,97.5,FF,-0.7,1
663423,83.3,FS,-3.1,-3.2
593974,87.5,SL,-1.7,-3.8
502026,94,FF,-0.7,-0.3
570663,89.1,SL,-1.5,-3.6
519393,94.1,FF,-4.1,-5.1
407845,83,CH,0.8,1.9
592169,93.1,FF,-2.1,2.3
607231,83.1,CH,1.5,-0.8
642545,83.2,CH,-0.5,-1
456696,85.9,FC,-2.4,-0.3
544365,91.4,SI,3.4,2.5
502026,81,CU,-3.1,0.4
656977,84.8,SL,5.2,6.8
670950,85.2,FC,-1.7,1.5
622075,85.8,SL,2.2,1
608334,93.6,FF,1.4,-0.9
642558,85.2,CH,-2.5,2
676606,80.2,SL,-0.9,-4.8
571858,86.6,SL,-1.4,-1.7
433589,85.4,FC,7.8,-3.2
519443,87,FC,-5.3,2.4
543883,86.9,FC,3.7,0.5
656954,84.2,SL,2.2,-2.2
453286,78.5,CU,-3,-0.2
623470,83.6,SL,2.3,0.1
605182,87.1,CH,-4.8,-2.3
628452,89,CH,2.5,1.6
460283,88.7,FF,-0.6,1.2
663978,76.1,CU,1.3,-3.6
622608,78.8,CU,-5.5,-2.1
502202,90,FF,-1.4,-2.1
656685,93.6,SI,0.4,-2.9
608678,89.7,FC,-2.1,2.1
471911,87.8,CH,5.4,-4.3
542914,87.3,SL,1.8,1.6
592779,91.5,SI,-5.6,-2.6
571882,76.8,CU,-1,-5
593334,94,SI,0.3,2.3
502190,79.3,CU,-2.7,1.9
424144,91.8,SI,1.6,2.9
606273,86.6,CH,-1.7,4.3
605452,88,SL,-2.2,-1.3
669456,87.6,CH,-0.4,1.5
519151,90.2,SL,1.3,2.2
573185,84,CH,5.2,-1.2
656794,78.8,CU,9.1,1.9
641149,93.3,SI,-0.3,0.3
657624,84.5,SL,5.4,7.4
605446,86.6,FC,-0.1,0.9
628711,84.6,SL,-0.5,0.7
595881,86.3,SL,-0.3,-2.9
519455,90.3,SI,1.4,-1.5
593372,96.6,FF,-1.8,-0.2
502624,77.8,CU,4.5,-1.6
641149,85.9,SL,2.8,-1.6
607200,87.2,FC,-3.9,2.1
473879,91.1,FC,-0.2,-0.8
472610,97.1,FF,-2.4,1.7
659275,96.3,SI,-4.2,-1.6
543475,87.5,SL,-2.7,1.1
461325,82.1,FS,5.2,-6.9
502188,82.3,FS,-5.2,-0.8
621397,87,FF,-7.5,-6.7
621345,96,FF,1.3,-1.9
548389,86.3,SL,-3.5,0.7
656713,81.7,CU,-1.4,0.2
642231,82.7,SL,4.2,-1.2
461829,75.3,CU,6.3,0.8
446321,90.7,SI,2.5,2
621397,73.4,CU,-2.6,7.1
592102,82.6,CU,-1.5,1
623913,91.4,FF,0.6,1.1
584171,92.2,FF,0.4,0.4
608379,75.3,CU,-0.8,-0.6
624133,91.9,SI,2.6,0.6
519393,94,SI,2.9,-3.5
642098,82.3,SL,2.3,-4.6
622446,93.9,FF,0.4,2.6
605397,88.7,FC,-0.4,1.1
606965,81.6,SL,-0.8,2.8
592229,90.9,FC,1.1,0.7
607536,86.6,CH,0,-3.6
543351,94.4,FF,-0.2,3.8
663776,83.6,CH,-1.4,-0.9
593372,86,SL,-0.9,2.7
668678,85,CH,2.1,-2
456051,93,SI,-4.2,-2.9
605309,81.9,CU,-4.1,-4.8
543135,80.5,CU,-0.8,-0.4
605498,92.8,SI,-1.8,-2.1
572140,83.8,CH,-1.5,-2.4
433589,81.5,CH,-7.7,-2.1
502042,93.9,SI,-5.7,-3
628711,82.2,CH,-2.8,0.4
475054,92.1,SI,3.6,-1.2
475115,89,FC,0.2,0.9
605260,80.5,CU,9.7,4.1
501625,82,CH,2.3,1.5
642607,83,SL,0.6,-4.8
543557,91.6,FF,-4.2,0.2
594987,90.2,FC,-1.2,0.5
621097,90.2,SI,-4.8,-3.1
605288,87.9,SL,-2.2,0.6
641302,90.7,SI,-2,0.4
503449,82.1,SL,2.9,-6
595014,97,FF,-2.3,4.8
453286,89.8,FC,0.1,-2.1
456696,93.6,FF,0.4,3.1
572362,76.2,CU,7,-5.5
668678,87,FC,-4.1,5
543169,82.4,SL,-0.2,-0.9
545064,97.3,FF,-1.9,-3.6
596043,90.4,SI,-5.1,-2.2
453281,72.5,CU,-2.8,1
572971,78.4,SL,1.2,-1.7
657053,77.5,CU,1.8,2
594840,83.4,SL,-1.3,-1.6
282332,82.7,CH,-0.3,-3.5
621056,86.6,SL,-2.3,2.3
664285,94.2,FF,-3.5,-3.4
548389,82.7,CH,3.6,-2.7
605260,93.8,SI,1.1,1.2
641312,92.4,SI,-1.8,-3.8
571946,79.4,CU,1.7,-2.8
544365,92,FF,-2,4
605164,91.3,SI,-4.3,-1.2
621199,92.5,FF,-9.4,9.1
571670,87.9,SL,-2.9,-1.9
607481,87.9,FC,-7.3,1.3
656887,83.8,SL,-0.4,-1.3
641541,92,SI,-1.6,1.1
605280,81.6,CU,3.6,2.4
624133,84.9,CH,1.4,0.7
598271,77.6,SL,1.8,3.1
594986,89.8,FF,-5.6,-3.3
605541,88.7,SL,-1.1,0.6
593140,81.8,SL,-2.7,2.2
572362,90.5,SI,-2.9,-0.5
521655,84.1,SL,-0.9,1.9
605488,80.3,CH,-2.1,-2.5
547179,96.4,SI,-2.8,-0.1
657141,79,SL,5.8,4.5
621107,86.7,CH,-1.1,0.4
663567,78,CU,3.5,-2.3
572888,80.2,SL,-2.9,6.8
605135,85,CH,-2.3,3.5
621111,96.6,SI,-3.9,-1.7
475115,89.6,FF,-8.2,-6.1
461325,89.9,SI,-5,-1.4
641838,83.9,CH,2.7,1.5
641778,81.6,SL,3.3,-4.6
592644,84.1,CH,-4.5,-4.8
523260,98.3,SI,-0.5,-0.2
601713,85.7,SL,1.2,0.6
579328,84.5,CH,-1.5,-1.9
656288,89.1,CH,-3.4,0.5
605541,93.3,FF,-0.5,-0.2
543901,77.6,CU,2.6,6.2
596101,85.6,SL,1.5,1.3
621385,81.4,SL,-0.5,-4
518566,87.4,SL,-3.6,-1.4
657612,90.4,FF,0,-0.1
592468,80.1,CU,1.6,1.2
506433,77.2,CU,3.1,0.7
458708,76.5,CU,-1,-3.8
542585,86.6,SL,0.2,-0.5
433587,84.7,CH,6.4,-3.1
489334,87.5,SL,-1.5,-1.5
527054,74.8,CU,-4.2,-1.2
472610,86.7,FS,1.4,-2.2
667498,90.3,FF,0.3,0.6
605240,78.4,CU,4,-0.3
656725,92.6,SI,1.3,0.9
518633,76.1,CU,4.4,-2.2
623913,84.1,SL,-4.4,-1.5
622786,87.2,SL,-0.4,-2.3
605359,93.7,FF,-1.7,2.8
543001,81.5,SL,0.6,-2.5
453329,89.2,SI,-1.3,0.4
623381,83.4,CH,-3,1.2
657053,93.2,SI,2.2,0.2
542960,85.4,SL,0.2,1.3
573185,83.6,SL,-1.3,0.8
516969,95.4,SI,-4.5,-3.3
664129,95,SI,6.5,1.6
605538,92.8,SI,-6.4,-5.9
663567,87.6,SL,-3.2,-0.5
518633,92.1,SI,-4.2,-1.4
594987,81.7,CU,-0.3,2.5
641541,92.2,FF,0.5,-0.1
592644,77.3,CU,-2.8,0.7
595014,93.2,FC,0.5,-2.9
456696,93.4,SI,-3,-1.1
446321,84.9,CH,1.5,-1.9
453329,76.6,CH,2.4,-1.6
621097,78.7,CU,-5.8,-6.6
668676,79.4,CU,0.9,-1.2
657141,74.7,CU,3.7,0.2
592314,79.4,CU,-6.2,-4
657053,93.7,FF,-2.9,0.9
606167,84.5,SL,-0.8,-2
453385,79.6,SL,2.8,-9.7
622065,89.8,FF,-1.3,3.5
571578,81.8,CH,-1.1,-1.8
571735,93.6,FF,-2.9,0.4
641853,78.4,CU,0.8,5.7
520980,86.3,SL,-2.1,-1.1
542960,86.6,CH,6.2,0.6
518553,90.5,FF,-0.2,0.5
571510,79.1,CH,-3.3,-2.7
543532,89.2,FF,-1.7,2.5
656970,82.8,CH,3.6,0.9
543169,90.3,SI,0.9,-0.1
608371,81.6,CU,-1.9,2.8
542947,87.5,FC,-1.3,-2.8
592229,85.7,CH,2.5,-3.8
532077,88.2,SL,-0.7,3.4
475479,89.5,FC,3.1,1
594027,87.3,SL,2.1,0.7
607352,93.8,FF,-0.1,-2.9
429719,93.7,SI,-1.9,-1.5
664854,88.8,FC,-2.3,2.6
642558,80.3,CU,-4.9,-2.5
642528,84.2,CU,-2.6,0.9
621295,83.7,SL,2.7,-0.1
657053,86.4,FS,2.7,-2.1
608334,87.9,FC,-3.2,2.6
543606,75.4,CU,1,-0.6
595001,91.3,FF,0.3,-2.4
570240,83.9,CH,-2.6,0.5
622446,80.9,CU,-7,-1.3
657571,76.2,CU,6.1,1.2
628317,77.1,CU,1.5,1.6
489119,89.5,SI,-4.5,-2.3
614179,88.3,SL,-0.4,1
592314,86.7,CH,-3.6,0.1
461325,90.1,FF,3.2,-0.5
656970,76.8,CU,0.3,1.5
607200,92.3,FF,-6.2,-2.1
543045,86.5,CH,-1.6,2.7
624133,92.9,FF,-4.7,-1.7
475479,80.1,CU,2.4,1.7
664199,86.8,CH,-3.8,-1.5
664353,84.3,CH,-1.1,3
622608,87,CH,-3.1,-6.8
518452,88.7,FC,-2.6,2.1
446321,88.6,FC,-1.3,-2.7
516969,88.6,CH,-3.4,-0.6
446372,88.1,FC,-0.7,1.3
597113,82.5,CU,1.4,-2.2
643617,94.4,FF,0.4,0.2
641835,93.6,FF,-1.4,2.8
501593,90.4,SI,-0.9,0.9
592791,88.7,SL,-1.7,2.2
657097,81.6,CU,-2.5,-2.5
623352,81.9,SL,-1.4,-1.5
669160,90.8,FC,-2.6,0
488748,77.6,CU,-6.5,5.2
453178,91.3,FC,1.2,-2
554340,86.9,SL,-1.4,-1.4
407845,94.4,FF,1.5,-2.1
532077,84.4,CH,-4.2,0.5
595001,86.9,SL,-5.6,0.1
613534,95.1,FF,-2.3,-2
518516,84.2,CH,-1.4,-0.5
476451,79.8,CH,-1.3,-5.7
664062,86.6,FS,-7.3,3.4
445926,86.4,SL,-5,-0.2
571735,93,SI,0.4,0
673258,86,CH,1.8,1.4
544727,95.9,FF,-2.9,3.1
605130,77.2,CU,1.6,3.6
605359,93.4,SI,2.1,1.5
608344,83.4,CH,1.1,0.8
656547,80.9,SL,5,3.6
543548,79.1,SL,-2.5,-4.7
592468,85.1,CH,1.1,2.1
650382,82.7,SL,4.9,0.8
607536,91.3,SI,3.2,-0.5
543135,87.9,FS,2.6,-0.3
643778,79.7,CH,-4.7,-2.6
657024,85.3,SL,-2.4,-0.9
592222,76.6,SL,0.6,-4.8
476589,91.4,FF,0,-2.8
621219,89.5,FF,-2.5,2.6
502624,93.3,SI,-4.1,-1
605501,92.5,SI,5.9,-0.9
641302,81,CU,-7.6,-4.1
521655,93.7,SI,-4.5,-1
543507,83.9,SL,5.7,0.3
453329,75.1,CU,-0.1,3.3
643493,87.4,SL,1.4,1.1
453178,80.5,CU,5.6,1.5
664045,85.5,FF,-0.9,-5.3
571710,87.1,SL,-2.3,-0.1
605276,85.5,CH,-2.1,-0.9
475115,83.6,SL,2.9,1.3
543483,88.4,SL,1.1,1.5
543475,85.6,CH,0.6,0.4
670950,78.9,CU,-3,-5.2
607644,77,CU,-6.3,-3.8
642152,97.4,SI,-0.3,1
584171,83,SL,-5.6,-0.4
657624,89,CH,4,1.7
607625,88.1,SL,-3.4,-0.2
593144,81.6,SL,5.4,-1.1
593974,95,SI,-1.4,0.7
425844,90.4,SI,-1.6,-1
622694,82.2,CH,-1.9,0.4
592858,76.9,CU,7.4,-1.3
475479,92.7,FF,-0.3,-2
446372,91.3,SI,-0.5,0.4
641627,81.1,CU,4.4,0
621142,87.6,CH,2.8,3.7
446321,78.1,CU,-2.5,-1.6
573186,87,CH,-1.6,-0.8
593372,94.3,SI,2.6,0.4
672773,84.4,SL,-0.2,-4.2
433589,76.4,CU,-15.1,0.9
455119,95.2,SI,-1.9,-0.6
608717,77.1,CU,-0.5,7
502202,78.2,CH,6.2,-0.6
489265,80.2,CH,4.1,5
641482,82.4,CH,1,-0.2
593974,87.4,CH,-0.6,3.1
553878,86.8,SL,-3.7,6.2
434671,76.9,CU,-8.4,-6.8
596057,90.3,SI,-0.6,-0.6
657277,81.9,SL,1.9,2.7
572362,83.5,CH,-1.8,-4.5
543521,87,FC,0.1,0
451584,82.8,CU,0.7,-0.2
453284,76,CU,-0.1,-2.3
592779,83.6,SL,-2.3,-1.8
571710,84.7,CH,1.9,-1.6
493603,88.2,FC,1.5,1.2
656605,87.6,SL,2.3,0.4
596001,84.6,CH,2.8,-8.8
519141,91.3,SI,-5.7,-1.7
543001,90,FF,-2.4,3.5
657612,78,SL,0.9,-1.7
572403,78.4,CU,5.6,5
471911,92.7,SI,0.9,2.1
571882,85.8,CH,-2,1.4
642607,85.6,CH,-1.8,1.1
624133,84.9,SL,-2,-1.4
605347,87.5,CH,1.1,0.3
596057,75.8,CU,4.6,-1.6
543001,89.8,SI,1.7,1.6
573124,79.9,CU,-7.6,3.9
596043,86,FC,-2.1,2.1
489334,81.3,CU,3.4,-1.6
592169,93.3,SI,5.7,0.3
592791,94.7,FF,-2.1,-6.2
592145,77.2,CU,5.3,2.7
600917,89.8,CH,-5.4,-1.1
552640,95.2,FF,1.8,1.8
659275,86.2,SL,-1.1,0.6
445213,87.5,CH,-1.7,3
571670,94,FF,-0.6,2.7
467008,93.5,FF,-0.7,-3.7
641816,90,FC,1.4,-1.4
543045,86.1,SL,1,-2.2
623465,84.6,SL,7.2,2.1
596133,87.5,FC,0.2,1.1
592229,94.2,FF,-1,-3.7
543507,78.9,CU,2,-0.1
622072,83.6,CH,1.3,-0.2
664199,79.3,CU,2,-2.8
543022,81.4,CU,6.1,0.4
570632,90.1,CH,-2.5,1.6
593372,88.1,CH,5.8,0.5
474463,75.6,CU,5.3,0.4
456051,88.1,SL,-5.5,-3.3
622072,81.4,CU,-4.5,-6.3
465657,73,CU,4.2,4.1
608371,83.3,SL,-3.8,3.3
641302,85.3,SL,-4.4,-1.8
519008,82,CH,5.1,2
656546,84.3,CH,3.9,-2.4
642607,90.8,FF,-0.6,3
521655,84.7,FS,-3.9,1
605151,95.1,SI,-2.8,-0.4
657024,85.8,CH,-4.1,-3
621295,85.6,CH,3.9,-0.2
643617,93.1,SI,-0.1,-0.1
489265,86.2,SI,4.4,3.1
656685,80.9,CU,-0.7,-3.1
667498,89.3,SI,-2,0.2
445276,93.1,FF,0.8,2.7
444468,96.6,SI,-0.2,1.6
542888,83,SL,3.4,7.4
502327,83.9,CH,-2.4,2.4
641838,88.9,FF,-7.2,-4.5
446372,82.9,CU,-5.7,8.7
596101,90.1,FC,-0.2,0.2
502239,91.8,FF,-1.8,3.1
453329,89.7,FF,-0.4,2.5
542882,80.9,CU,3.5,-2.7
543101,88.5,CH,-0.1,-0.7
519008,80.9,SL,3.6,-4.2
605359,83.2,CU,0.6,1.3
543208,82.5,CH,4.2,-1.1
543278,76.5,CU,4,-3.8
608723,79.5,CU,-4.6,4.3
605541,92.3,SI,0.8,1.1
621107,77.9,CU,-2.7,0.3
643493,86.1,CH,-0.9,-2.3
667498,79.1,SL,1.6,-5
595001,78,CU,0.8,2.5
605446,89.9,SI,-3.3,-1.5
595014,88.5,SL,5.2,-0.5
643778,76.7,CU,-6.4,-2.5
657277,84.9,CH,7.2,-2.1
553878,82.5,CU,-0.2,4.6
643256,85.9,FF,-0.1,0.1
518774,81.4,CU,-2.7,-4.2
518715,85.3,CH,2.9,1.9
594986,79.8,CU,-4.8,-0.7
621389,79.9,CH,3.3,4.1
664129,85.2,SL,0.3,4.5
592468,90.6,FC,0.5,0
592346,91.5,SI,2.2,-2.9
641541,83.4,SL,1,0.8
501625,91.4,FF,0,2.8
641149,94.1,FF,-0.7,1.9
467008,88.4,FC,-2.5,1.5
606424,86.9,CH,0.2,4.9
605240,92.3,SI,2,-0.5
543278,88.2,FF,2.4,1.9
543022,90.2,FC,-3.7,1
543548,75.3,CU,-7.4,-6
664208,77.4,CU,-2,5.1
621219,89.9,SI,2.8,1.9
592346,86.5,CH,4.5,-1.4
598286,89,SI,1.8,1.9
445276,81.8,SL,4.1,1
664208,84.4,FC,-8.8,7.6
676606,70.8,CU,0.3,-4.6
664045,80.8,SL,-5.6,-5.2
465657,81.5,SL,3,4.5
608344,84.2,SL,-5.1,-2.3
571735,82.1,CH,-1.5,-0.4
596043,83.4,SL,2.5,0.2
459429,80.4,SL,0.5,-7
502154,80.6,SL,7.8,2.9
605483,87.3,SL,-1.5,1.5
547179,87.1,SL,1.3,1.6
663465,81.6,CH,-1.2,-0.6
455119,91.6,FC,-3.5,1.7
605498,84.4,SL,3.3,0.7
641312,86,CH,0.6,-3.3
643617,83.7,SL,0.3,1
607352,87.1,CH,-0.9,-0.9
456696,82,CU,-6.5,-2
445926,85.2,CH,1.1,3.4
607229,81.3,CU,2.9,4
605240,92.9,FF,-0.7,-1.3
605347,88.4,SL,-2.8,-1.9
518452,77.3,CU,-1.3,2.2
650644,83.6,SL,-1.2,3.4
605288,85.4,CH,3,-0.1
656302,83.1,CH,-4.7,-10.9
532077,91.9,FC,2.1,3.1
672773,87.8,CH,1.9,1.3
643230,81.2,SL,1.9,-1.8
607231,90.2,FC,0.2,0.6
592145,87.1,SL,-0.3,-0.2
656605,81.1,CU,4.5,2.2
657031,94.8,SI,-1.9,-0.8
592612,77.9,SL,3.3,-4.7
664180,76.7,CU,8.6,0.2
572403,93.8,FF,-1.4,-2.1
664353,82.8,SL,-5.1,-1.7
628452,95.4,SI,-2.4,-0.7
467008,93.5,SI,-1.9,-2.7
664062,88,SL,-3.5,-1.2
543507,87.6,CH,-6.8,-2.6
592390,87.5,SL,-3.7,-1
596043,82.9,CH,-1.4,2.6
594965,89.1,FC,0.4,-3.8
488748,89.7,FC,4.2,-2
476451,85.7,FC,6.8,-3.9
606131,88.5,FS,-0.8,4.6
502327,85,SL,-3.8,-2.7
516969,81.7,SL,3.5,5.7
656547,86,CH,0,0.8
656713,89,FC,2.3,-2
519141,88,FC,5.7,-1.5
607231,77.1,CU,5.3,-1.6
600917,96.5,SI,-2,-1.9
453385,91,FF,-4.7,5.2
664045,85.6,SI,-2.7,-3.5
592826,92,SI,1,-1.8
605155,88.2,SL,2.9,4.2
543901,81.6,CH,2.7,1.2
573046,81.7,SL,-0.6,-1.7
523260,87.6,CH,-0.2,2.7
543766,83.1,SL,4.4,5.6
475479,92.6,SI,-1.9,0.1
453281,86.3,FF,-1,3.4
605195,94.9,SI,0.6,0.9
592791,94.9,SI,-0.6,-2.8
656954,87.7,CH,2.3,-1.1
571735,82.1,CU,-9.7,-1.9
664199,93.1,SI,-2.3,-1.6
664045,78.7,CH,-1.9,-8.3
433587,83.8,SL,-0.5,-1.3
622505,88.2,CH,1.1,2
650671,85.4,CH,-4.9,-1.9
621097,83,CH,-4.6,-6.1
607536,81.2,CU,-10.2,-7.2
606273,77.5,CU,3.8,7.4
468504,82.8,CH,2.3,-4.1
607229,87.2,CH,-3.8,1.5
592612,94.4,FF,-3.7,-2.9
592468,90,SI,2.6,-2.1
445926,91.4,FF,0.7,2.1
501625,83.3,SL,-4.3,-1.8
621219,80.7,CH,4.7,0.5
592426,83.7,CU,4.5,1.5
570666,93.8,SI,-2.3,0
641302,84.1,CH,-0.7,-1
543169,90.7,FF,-1.9,2.2
455119,89,CH,3,-2.7
521230,84.4,CU,0.9,-3.1
605280,86.8,SL,3.7,-1.1
458006,83.7,CH,0.5,-0.4
605130,93.8,SI,1.1,-1.7
543521,74.5,CU,1,3
607457,82.5,SL,-2.1,1.9
502748,78.6,CU,3.4,1.9
656222,85.9,FC,-0.2,-1.4
596043,72.5,CU,6,-1.7
607237,95.8,FF,-2.1,4.2
622772,97.4,FF,-3.3,-1.8
458006,93.2,FF,-2.6,4.8
605452,81.3,CU,-4.7,-7.2
504379,93.1,SI,-2.7,-0.9
516969,91.3,FC,1.1,-0.1
542914,86.6,FS,-4.3,-3.8
606167,81.1,CH,0.8,1.5
489265,86.5,FF,-2.8,5.1
642152,79.8,CU,-1.9,4.4
543001,83.3,CH,2.2,2.4
593576,94.8,SI,0.2,1.2
614179,86.9,CH,-2,-1.2
592390,81.7,CU,-1.6,1.1
476589,84.9,CH,1.4,1.4
547973,100.2,SI,-4.3,-1.4
607352,77,CU,9.4,1.6
621237,92.4,FC,-4.9,-0.4
592229,82,CU,-4.3,-3.5
429719,87,CH,-5.4,2.1
544365,78.8,CU,-6.4,2.5
572362,88.2,SL,-5.9,-1.6
656725,87.2,SL,-3.5,-1.8
643493,81.6,CU,1.1,0.1
570666,87.1,CH,-1.5,-1.4
543278,86.1,FC,6.6,-0.6
458708,84.6,CH,-1.3,0.3
626929,84.6,SL,-4.1,-0.8
518774,85.7,CH,-4.2,1.2
621199,89.3,SL,-3.1,1.5
663776,78,CU,-1.6,-3.2
434538,92.8,FF,-1.8,2.5
605501,92.5,FF,-4.4,-3.1
572971,89.4,FF,-4,-3.3
608678,83.7,SL,5.2,-0.3
656794,81.4,SL,7.9,6.3
424144,91.5,FF,-0.9,4.2
596133,81.3,CU,0,-7.4
650644,75.5,CU,7.1,2.9
621345,86.1,CH,2.2,-0.7
543022,87.7,CH,-3.9,-3.4
519293,77.1,CU,-1.7,2.7
457915,83.6,CH,-3.6,-2.8
547179,83.8,CU,2.6,-4.8
622772,88.5,CH,-1.4,-1.9
643327,83.3,CH,6.4,-2.3
656725,92.3,FF,-2,1.5
664045,76.2,CU,-3.5,-6.7
543766,80.8,CU,1.5,0.8
543339,95.5,SI,-1.3,0.7
433587,89.9,FF,-2.6,-1.6
476451,73.7,CU,4.7,0.5
473879,87.3,CH,3.4,2.3
502748,83.4,CH,0.2,4
664856,79,CU,-2.6,7.1
453172,84.6,CH,3.8,-3.1
605280,94,FF,-5.2,2.1
607481,95.1,FF,-8.8,-1.1
543766,84,CH,1.6,-6.8
607200,85.3,FS,2.2,0.4
502202,85.3,SL,-5.6,-0.8
592791,82.1,CU,1.7,3.1
664856,83.5,SL,1.4,3.1
607457,87.4,CH,1.5,-2.2
445213,86.7,SL,-0.7,-5.1
518489,87.4,CH,0,-0.5
621363,83.9,CU,-14,2.7
608334,86.5,CH,-0.7,0.3
605525,80.2,CU,7,3.6
621219,67.6,CU,3.5,1.8
605452,87.9,CH,-1.5,0.4
621199,82,FS,3.4,-0.2
453265,85.6,SL,-3,-4.1
593833,79.5,CU,2.8,3.2
626929,73.6,CU,3.1,-1.3
503449,84.8,CH,-3.2,-0.7
641627,94.4,SI,-0.3,0.2
621056,86.2,CH,-4.9,-2.4
657277,91.8,SI,2,1.8
570632,84.7,CU,-9.6,-2.1
594027,99.3,SI,-1.5,-0.8
570663,96.7,SI,-3.2,1.2
605498,92.6,FF,-0.8,-0.1
473879,94,FF,-3,-0.4
455119,86.1,SL,4.6,0.9
641541,78.4,CU,1.5,0
607625,87.9,CH,-2.5,0.7
592473,91.6,FF,-1.8,5.6
623913,83.6,CH,-3.4,-0.1
642545,91.6,SI,-4.9,-2.6
456051,80.1,CU,-3.7,-2.5
605276,92.5,SI,-5.2,-1.8
453172,81,CU,-6.8,-4
573046,91.6,FF,-0.1,1.5
656794,87.4,CH,-1,-1.1
628711,77.3,CU,-0.4,-0.8
543001,76.1,CU,4.1,2.9
605538,92.9,FF,1,-3.2
641482,89.1,SI,-7.7,-3.1
605240,86.1,CH,-0.1,0
621199,93.5,FC,2.6,-8.1
605525,86.4,CH,1.4,0.6
446372,92,FF,-0.3,0
543045,83,CU,-5.6,-3.2
542960,91,FC,0.2,0.4
544365,82.6,CH,2.9,1.1
605498,87.1,CH,-0.7,1.3
608648,75.9,CU,2.6,-0.7
544727,92.2,FS,0.7,0.9
664285,88.6,CH,4,-2
502026,90.2,FS,-1.4,3.3
465657,87.6,CH,-0.7,-3.2
553878,88.5,CH,4,-4
457915,79,CU,-1.3,-1
608723,86.6,SL,-5.3,-0.8
572703,94.2,SI,-5.3,-1.4
642528,89.6,CH,-3.5,-0.8
518715,91,FF,-5.4,6.9
501625,81.6,CU,-9.9,-2.8
667498,72.8,CU,3.1,-1.2
598286,78.3,CU,-0.5,-5.2
605488,83.7,SL,1.1,-0.6
607074,84.1,CH,0.9,3.5
650671,80.2,CU,-7.1,-1.8
592346,82,SL,1.6,-2.3
608717,84.8,CH,1.3,0.8
593974,95.8,FF,-0.5,2.4
605151,88.5,CH,-2,-2.5
608678,93.3,SI,-2.5,-1.2
594965,77.9,CU,4.7,3
592612,94.4,SI,1.4,-0.5
501593,75.4,CU,-3,1.7
543339,88.6,CH,-5.3,3.1
592473,81.4,CH,0.6,1.2
623364,74.9,CU,2.2,-0.7
606625,89.8,CH,-0.5,2.9
501625,87,FC,1.8,-0.2
453343,92.2,FF,-4.2,1.3
621397,81.5,CH,4.6,-5.7
621097,85.8,SL,-0.9,1.3
623364,84.1,SL,-0.4,-1.3
622446,87.8,CH,-1,1.1
664062,80.5,CU,4.8,-4
676606,79,CH,-2.8,-8.9
669203,80.9,CU,-3.3,3.2
664353,79,CU,2.7,-1
643617,80.5,CU,-0.5,-0.6
596112,87.1,CH,-5.5,-6.1
642397,96,FF,-1.1,-3.7
656725,80,CU,-2.8,-3.8
663776,86.6,SL,-1.4,2
657097,85.8,CH,-2.3,4
642397,88.3,CH,-4.8,-0.9
453172,92.7,FF,-5.9,4.9
593140,86.1,CH,-6.1,-1.9
592779,82.7,CH,-0.8,-1.1
448281,83.7,FS,-9.9,2
458708,88.5,SI,-5.1,-1.9
664129,90.1,CH,3.7,0.8
596071,91,SI,-3.8,-2.4
622505,89.2,SL,-2.8,-11.4
621199,80.6,CU,-9.5,8.6
622786,94.3,FF,-3.2,1.1
592473,75.7,SL,-3,-0.8
594965,83.1,CH,-2.4,5.5
606167,92,SI,1.4,0.7
448281,80.9,SL,-2.5,0.1
453284,88,FC,0.8,0.1
542960,92.5,SI,-0.2,-0.7
542585,95.9,SI,-1.2,0.5
621219,78.2,SL,2.5,4
641729,89.2,CH,-0.5,2.4
518617,95.5,SI,3.7,2.3
571858,87.6,CH,-0.6,-1.7
669160,83,CU,4.7,0.8
641541,84,CH,1.5,2.2
473879,82.8,SL,10.8,8.7
650644,84.2,CH,-2.1,2.2
475054,87.2,FC,-1.4,4.4
458677,83.8,SL,4.1,1.7
626929,84.2,CH,-2,-2.2
542585,90.6,CH,-0.5,1
554340,87.3,CH,1.2,0.8
518813,77.5,CU,-0.5,-4.4
608723,86,CH,-3.7,-6.1
605121,94.7,SI,-3.9,-1.4
607457,80.2,CU,-4.3,-0.1
621385,85.9,CH,-2.8,0.6
446372,84.9,CH,0.3,0.2
656887,85.6,CH,-0.4,0.1
606273,93.7,SI,-4.9,1.4
596101,92.3,SI,-0.2,1.1
642231,87,CH,2.2,2.3
642528,96.9,SI,-2.2,-0.7
642231,93.2,FF,-0.3,4.6
664854,81,CU,-2.8,-7
658305,94.3,SI,-2.2,-0.8
605260,86.8,CH,4.2,0.5
542947,79.7,SL,2.5,-5.5
475054,92.1,FF,-0.2,-1.9
456051,86.2,CH,-0.7,1.3
595001,81.7,CH,-1.5,0.9
592165,87.1,SL,-1.3,-5.4
460283,82.9,CH,-2.9,-2.6
595001,91.6,SI,-3.5,-0.7
621389,77.1,CU,1.6,-0.3
608334,82.8,CU,-0.5,-0.5
663465,77.6,CU,-0.9,-5.2
656887,81.1,CU,-2.9,2.2
656725,86.2,CH,1.6,-1.1
572703,87.1,CH,0.4,2.4
623465,85.6,CH,3.4,-2.6
608371,86.5,CH,3.6,0.5
641149,87.1,CH,2.8,0.1
622772,83.5,SL,7.5,-2.5
669160,95.7,FF,0.3,0.4
621389,84.4,FC,-0.5,-2.6
664856,85.7,CH,-2.3,-0.4
621056,76.7,CU,3.9,-1.7
622772,90.7,FC,-5.2,-1.6
467008,88.7,FS,-3.4,1.4
543532,82.5,CH,-6.5,-0.1
543532,75.4,CU,-3.6,-6.8
622786,81.8,CU,-6.4,0.3
605525,93.8,SI,1.5,1.8
592791,88,CH,-0.6,-2.1
605498,76,CU,1.6,2.9
664180,81.7,SL,3.4,-3
673258,84.8,SL,1.5,-2.1
592779,91.7,FF,0.9,1.2